order_id,order_detail_id,customer_id,product_id,order_date,quantity,unit_price,discount,sales_before_discount,discount_amount,net_sales_amount,total_cost,gross_profit
1,1,10,31,2025-10-25,1,129.50,0.0000,129.50,0.00,129.50,82.58,46.92
2,3,91,26,2025-10-25,3,147.88,0.1000,443.64,44.36,399.28,228.60,170.68
2,5,91,45,2025-10-25,8,91.45,0.1000,731.60,73.16,658.44,507.76,150.68
3,6,99,20,2025-10-24,6,123.79,0.0000,742.74,0.00,742.74,452.52,290.22
3,7,99,46,2025-10-24,9,46.34,0.0000,417.06,0.00,417.06,304.83,112.23
4,9,54,6,2025-10-24,8,39.45,0.0000,315.60,0.00,315.60,241.84,73.76
4,10,54,30,2025-10-24,5,165.77,0.1000,828.85,82.89,745.97,439.30,306.67
5,11,44,31,2025-10-26,4,129.50,0.0000,518.00,0.00,518.00,330.32,187.68
5,12,44,10,2025-10-26,10,168.80,0.0500,1688.00,84.40,1603.60,886.80,716.80
5,13,44,24,2025-10-26,7,123.67,0.0000,865.69,0.00,865.69,632.80,232.89
5,14,44,45,2025-10-26,6,91.45,0.0500,548.70,27.44,521.27,380.82,140.45
6,15,55,32,2025-10-21,1,45.24,0.0000,45.24,0.00,45.24,26.18,19.06
6,16,55,31,2025-10-21,2,129.50,0.0500,259.00,12.95,246.05,165.16,80.89
6,17,55,31,2025-10-21,8,129.50,0.0000,1036.00,0.00,1036.00,660.64,375.36
6,18,55,19,2025-10-21,6,47.87,0.1000,287.22,28.72,258.50,220.14,38.36
7,19,98,9,2025-10-22,9,89.98,0.0000,809.82,0.00,809.82,504.72,305.10
7,20,98,26,2025-10-22,2,147.88,0.0500,295.76,14.79,280.97,152.40,128.57
7,21,98,36,2025-10-22,2,119.52,0.0500,239.04,11.95,227.09,120.32,106.77
7,22,98,35,2025-10-22,8,121.77,0.0500,974.16,48.71,925.45,753.84,171.61
7,23,98,38,2025-10-22,7,100.72,0.0000,705.04,0.00,705.04,438.13,266.91
8,24,9,16,2025-10-23,9,132.35,0.0000,1191.15,0.00,1191.15,632.79,558.36
8,25,9,31,2025-10-23,7,129.50,0.0000,906.50,0.00,906.50,578.06,328.44
8,26,9,22,2025-10-23,4,12.60,0.1000,50.40,5.04,45.36,33.68,11.68
8,27,9,38,2025-10-23,7,100.72,0.0500,705.04,35.25,669.79,438.13,231.66
8,28,9,37,2025-10-23,6,91.07,0.1000,546.42,54.64,491.78,370.02,121.76
9,29,15,12,2025-10-22,2,181.74,0.1000,363.48,36.35,327.13,196.94,130.19
9,30,15,46,2025-10-22,10,46.34,0.0500,463.40,23.17,440.23,338.70,101.53
10,31,21,38,2025-10-23,10,100.72,0.0500,1007.20,50.36,956.84,625.90,330.94
11,32,81,36,2025-10-25,2,119.52,0.0500,239.04,11.95,227.09,120.32,106.77
11,33,81,12,2025-10-25,5,181.74,0.0500,908.70,45.44,863.27,492.35,370.92
11,34,81,5,2025-10-25,10,127.88,0.0000,1278.80,0.00,1278.80,938.00,340.80
12,35,83,50,2025-10-22,7,27.21,0.0500,190.47,9.52,180.95,97.09,83.86
12,36,83,32,2025-10-22,1,45.24,0.0000,45.24,0.00,45.24,26.18,19.06
12,37,83,14,2025-10-22,3,57.59,0.1000,172.77,17.28,155.49,90.36,65.13
12,38,83,49,2025-10-22,1,55.32,0.0000,55.32,0.00,55.32,31.96,23.36
12,39,83,43,2025-10-22,3,52.49,0.0500,157.47,7.87,149.60,103.14,46.46
13,40,67,19,2025-10-23,7,47.87,0.1000,335.09,33.51,301.58,256.83,44.75
13,41,67,37,2025-10-23,8,91.07,0.0000,728.56,0.00,728.56,493.36,235.20
13,42,67,14,2025-10-23,6,57.59,0.0500,345.54,17.28,328.26,180.72,147.54
13,43,67,37,2025-10-23,5,91.07,0.0500,455.35,22.77,432.58,308.35,124.23
13,44,67,46,2025-10-23,6,46.34,0.0000,278.04,0.00,278.04,203.22,74.82
14,45,12,1,2025-10-25,10,17.01,0.1000,170.10,17.01,153.09,126.10,26.99
14,46,12,26,2025-10-25,3,147.88,0.0500,443.64,22.18,421.46,228.60,192.86
14,47,12,4,2025-10-25,6,74.72,0.1000,448.32,44.83,403.49,268.98,134.51
14,48,12,4,2025-10-25,1,74.72,0.1000,74.72,7.47,67.25,44.83,22.42
14,49,12,36,2025-10-25,6,119.52,0.0000,717.12,0.00,717.12,360.96,356.16
15,50,28,2,2025-10-24,4,95.98,0.0500,383.92,19.20,364.72,276.60,88.12
15,51,28,45,2025-10-24,10,91.45,0.0500,914.50,45.73,868.78,634.70,234.08
15,52,28,41,2025-10-24,6,90.07,0.1000,540.42,54.04,486.38,275.82,210.56
16,53,93,26,2025-10-23,7,147.88,0.0500,1035.16,51.76,983.40,533.40,450.00
16,54,93,35,2025-10-23,4,121.77,0.1000,487.08,48.71,438.37,376.92,61.45
16,55,93,12,2025-10-23,8,181.74,0.0000,1453.92,0.00,1453.92,787.76,666.16
16,56,93,13,2025-10-23,9,112.51,0.0500,1012.59,50.63,961.96,616.05,345.91
17,57,89,27,2025-10-24,3,180.68,0.0500,542.04,27.10,514.94,293.22,221.72
17,58,89,43,2025-10-24,3,52.49,0.0000,157.47,0.00,157.47,103.14,54.33
17,59,89,1,2025-10-24,2,17.01,0.1000,34.02,3.40,30.62,25.22,5.40
18,60,35,10,2025-10-24,8,168.80,0.1000,1350.40,135.04,1215.36,709.44,505.92
19,61,62,9,2025-10-24,2,89.98,0.0000,179.96,0.00,179.96,112.16,67.80
19,62,62,42,2025-10-24,7,65.41,0.0500,457.87,22.89,434.98,243.74,191.24
19,63,62,45,2025-10-24,10,91.45,0.0500,914.50,45.73,868.78,634.70,234.08
19,64,62,40,2025-10-24,3,100.37,0.0500,301.11,15.06,286.05,163.17,122.88
20,65,2,28,2025-10-23,9,42.75,0.0500,384.75,19.24,365.51,198.36,167.15
20,66,2,25,2025-10-23,6,63.61,0.0000,381.66,0.00,381.66,231.60,150.06
20,67,2,12,2025-10-23,7,181.74,0.1000,1272.18,127.22,1144.96,689.29,455.67
20,68,2,1,2025-10-23,10,17.01,0.0500,170.10,8.51,161.60,126.10,35.50
20,69,2,47,2025-10-23,4,105.63,0.1000,422.52,42.25,380.27,268.80,111.47
21,70,74,18,2025-10-24,7,121.61,0.1000,851.27,85.13,766.14,456.82,309.32
21,72,74,3,2025-10-24,10,47.57,0.0500,475.70,23.79,451.92,283.90,168.02
21,73,74,46,2025-10-24,6,46.34,0.0000,278.04,0.00,278.04,203.22,74.82
21,74,74,38,2025-10-24,8,100.72,0.1000,805.76,80.58,725.18,500.72,224.46
22,75,52,10,2025-10-25,9,168.80,0.0500,1519.20,75.96,1443.24,798.12,645.12
23,76,16,34,2025-10-24,2,100.21,0.1000,200.42,20.04,180.38,131.88,48.50
23,77,16,40,2025-10-24,2,100.37,0.0000,200.74,0.00,200.74,108.78,91.96
23,78,16,31,2025-10-24,2,129.50,0.1000,259.00,25.90,233.10,165.16,67.94
23,79,16,41,2025-10-24,9,90.07,0.1000,810.63,81.06,729.57,413.73,315.84
24,80,40,40,2025-10-23,1,100.37,0.0500,100.37,5.02,95.35,54.39,40.96
24,81,40,35,2025-10-23,1,121.77,0.0500,121.77,6.09,115.68,94.23,21.45
24,82,40,30,2025-10-23,9,165.77,0.0500,1491.93,74.60,1417.33,790.74,626.59
25,83,23,47,2025-10-23,6,105.63,0.0500,633.78,31.69,602.09,403.20,198.89
25,84,23,23,2025-10-23,5,56.53,0.0500,282.65,14.13,268.52,229.15,39.37
25,85,23,11,2025-10-23,1,37.31,0.1000,37.31,3.73,33.58,19.99,13.59
25,86,23,39,2025-10-23,5,28.49,0.1000,142.45,14.25,128.21,115.30,12.91
25,87,23,37,2025-10-23,5,91.07,0.0000,455.35,0.00,455.35,308.35,147.00
26,88,37,38,2025-10-25,3,100.72,0.1000,302.16,30.22,271.94,187.77,84.17
26,89,37,4,2025-10-25,5,74.72,0.1000,373.60,37.36,336.24,224.15,112.09
26,90,37,40,2025-10-25,1,100.37,0.0500,100.37,5.02,95.35,54.39,40.96
26,91,37,32,2025-10-25,2,45.24,0.0000,90.48,0.00,90.48,52.36,38.12
27,92,29,5,2025-10-24,5,127.88,0.0500,639.40,31.97,607.43,469.00,138.43
27,93,29,9,2025-10-24,10,89.98,0.0500,899.80,44.99,854.81,560.80,294.01
27,94,29,18,2025-10-24,5,121.61,0.0000,608.05,0.00,608.05,326.30,281.75
27,95,29,48,2025-10-24,2,98.28,0.1000,196.56,19.66,176.90,107.12,69.78
27,96,29,12,2025-10-24,10,181.74,0.1000,1817.40,181.74,1635.66,984.70,650.96
28,97,57,43,2025-10-23,8,52.49,0.0500,419.92,21.00,398.92,275.04,123.88
28,98,57,12,2025-10-23,5,181.74,0.1000,908.70,90.87,817.83,492.35,325.48
29,99,95,32,2025-10-23,3,45.24,0.1000,135.72,13.57,122.15,78.54,43.61
29,100,95,3,2025-10-23,6,47.57,0.0000,285.42,0.00,285.42,170.34,115.08
30,101,87,39,2025-10-22,3,28.49,0.0500,85.47,4.27,81.20,69.18,12.02
30,102,87,49,2025-10-22,7,55.32,0.0500,387.24,19.36,367.88,223.72,144.16
31,103,63,43,2025-10-22,8,52.49,0.1000,419.92,41.99,377.93,275.04,102.89
31,104,63,41,2025-10-22,3,90.07,0.0000,270.21,0.00,270.21,137.91,132.30
32,105,64,47,2025-10-22,6,105.63,0.0000,633.78,0.00,633.78,403.20,230.58
32,106,64,42,2025-10-22,5,65.41,0.0000,327.05,0.00,327.05,174.10,152.95
32,107,64,4,2025-10-22,3,74.72,0.0500,224.16,11.21,212.95,134.49,78.46
32,108,64,26,2025-10-22,8,147.88,0.0500,1183.04,59.15,1123.89,609.60,514.29
32,109,64,31,2025-10-22,9,129.50,0.0000,1165.50,0.00,1165.50,743.22,422.28
33,110,99,44,2025-10-25,7,78.05,0.0500,546.35,27.32,519.03,403.69,115.34
33,111,99,17,2025-10-25,3,55.59,0.1000,166.77,16.68,150.09,86.58,63.51
33,112,99,28,2025-10-25,1,42.75,0.0500,42.75,2.14,40.61,22.04,18.57
33,113,99,29,2025-10-25,7,55.53,0.1000,388.71,38.87,349.84,212.45,137.39
34,114,97,34,2025-10-22,1,100.21,0.0000,100.21,0.00,100.21,65.94,34.27
34,115,97,35,2025-10-22,6,121.77,0.0500,730.62,36.53,694.09,565.38,128.71
34,116,97,40,2025-10-22,5,100.37,0.0500,501.85,25.09,476.76,271.95,204.81
35,117,63,18,2025-10-23,2,121.61,0.0500,243.22,12.16,231.06,130.52,100.54
35,118,63,42,2025-10-23,10,65.41,0.0500,654.10,32.71,621.40,348.20,273.20
35,119,63,30,2025-10-23,4,165.77,0.1000,663.08,66.31,596.77,351.44,245.33
36,120,29,50,2025-10-22,4,27.21,0.1000,108.84,10.88,97.96,55.48,42.48
36,121,29,22,2025-10-22,3,12.60,0.0500,37.80,1.89,35.91,25.26,10.65
36,122,29,36,2025-10-22,1,119.52,0.1000,119.52,11.95,107.57,60.16,47.41
36,123,29,1,2025-10-22,2,17.01,0.0000,34.02,0.00,34.02,25.22,8.80
36,124,29,27,2025-10-22,2,180.68,0.1000,361.36,36.14,325.22,195.48,129.74
37,125,62,44,2025-10-25,8,78.05,0.0500,624.40,31.22,593.18,461.36,131.82
38,126,36,47,2025-10-24,5,105.63,0.0500,528.15,26.41,501.74,336.00,165.74
38,127,36,13,2025-10-24,1,112.51,0.0000,112.51,0.00,112.51,68.45,44.06
39,128,63,6,2025-10-26,1,39.45,0.1000,39.45,3.95,35.51,30.23,5.28
39,129,63,43,2025-10-26,4,52.49,0.1000,209.96,21.00,188.96,137.52,51.44
39,130,63,41,2025-10-26,2,90.07,0.1000,180.14,18.01,162.13,91.94,70.19
39,131,63,8,2025-10-26,2,97.01,0.1000,194.02,19.40,174.62,97.08,77.54
39,132,63,9,2025-10-26,7,89.98,0.1000,629.86,62.99,566.87,392.56,174.31
40,133,25,12,2025-10-25,2,181.74,0.1000,363.48,36.35,327.13,196.94,130.19
40,134,25,12,2025-10-25,5,181.74,0.0500,908.70,45.44,863.27,492.35,370.92
40,135,25,30,2025-10-25,2,165.77,0.1000,331.54,33.15,298.39,175.72,122.67
40,136,25,30,2025-10-25,5,165.77,0.0500,828.85,41.44,787.41,439.30,348.11
40,137,25,45,2025-10-25,6,91.45,0.0500,548.70,27.44,521.27,380.82,140.45
41,138,84,50,2025-10-22,2,27.21,0.0500,54.42,2.72,51.70,27.74,23.96
41,139,84,50,2025-10-22,1,27.21,0.0500,27.21,1.36,25.85,13.87,11.98
42,140,2,22,2025-10-22,1,12.60,0.0500,12.60,0.63,11.97,8.42,3.55
42,141,2,17,2025-10-22,3,55.59,0.0500,166.77,8.34,158.43,86.58,71.85
42,142,2,5,2025-10-22,8,127.88,0.0000,1023.04,0.00,1023.04,750.40,272.64
42,143,2,40,2025-10-22,7,100.37,0.0000,702.59,0.00,702.59,380.73,321.86
43,144,87,7,2025-10-22,3,63.12,0.1000,189.36,18.94,170.42,105.12,65.30
43,145,87,50,2025-10-22,7,27.21,0.0000,190.47,0.00,190.47,97.09,93.38
43,146,87,40,2025-10-22,2,100.37,0.0500,200.74,10.04,190.70,108.78,81.92
43,147,87,46,2025-10-22,5,46.34,0.0000,231.70,0.00,231.70,169.35,62.35
44,148,96,5,2025-10-25,2,127.88,0.1000,255.76,25.58,230.18,187.60,42.58
45,149,8,50,2025-10-24,8,27.21,0.0000,217.68,0.00,217.68,110.96,106.72
45,150,8,32,2025-10-24,3,45.24,0.1000,135.72,13.57,122.15,78.54,43.61
45,151,8,41,2025-10-24,1,90.07,0.0000,90.07,0.00,90.07,45.97,44.10
46,152,11,18,2025-10-23,3,121.61,0.1000,364.83,36.48,328.35,195.78,132.57
46,153,11,22,2025-10-23,7,12.60,0.1000,88.20,8.82,79.38,58.94,20.44
46,154,11,1,2025-10-23,9,17.01,0.1000,153.09,15.31,137.78,113.49,24.29
46,155,11,50,2025-10-23,8,27.21,0.0500,217.68,10.88,206.80,110.96,95.84
47,156,59,26,2025-10-25,2,147.88,0.1000,295.76,29.58,266.18,152.40,113.78
47,157,59,15,2025-10-25,1,51.99,0.0500,51.99,2.60,49.39,30.87,18.52
47,158,59,45,2025-10-25,8,91.45,0.0000,731.60,0.00,731.60,507.76,223.84
47,159,59,37,2025-10-25,9,91.07,0.0500,819.63,40.98,778.65,555.03,223.62
48,160,55,44,2025-10-25,5,78.05,0.0500,390.25,19.51,370.74,288.35,82.39
48,161,55,4,2025-10-25,2,74.72,0.0500,149.44,7.47,141.97,89.66,52.31
48,162,55,35,2025-10-25,6,121.77,0.0000,730.62,0.00,730.62,565.38,165.24
49,163,38,49,2025-10-26,5,55.32,0.1000,276.60,27.66,248.94,159.80,89.14
49,164,38,13,2025-10-26,3,112.51,0.1000,337.53,33.75,303.78,205.35,98.43
49,165,38,3,2025-10-26,7,47.57,0.1000,332.99,33.30,299.69,198.73,100.96
49,166,38,13,2025-10-26,5,112.51,0.1000,562.55,56.26,506.30,342.25,164.05
50,167,46,7,2025-10-24,6,63.12,0.0500,378.72,18.94,359.78,210.24,149.54
50,168,46,6,2025-10-24,8,39.45,0.1000,315.60,31.56,284.04,241.84,42.20
50,169,46,13,2025-10-24,3,112.51,0.0000,337.53,0.00,337.53,205.35,132.18
50,170,46,13,2025-10-24,1,112.51,0.1000,112.51,11.25,101.26,68.45,32.81
51,171,5,16,2025-10-25,8,132.35,0.0500,1058.80,52.94,1005.86,562.48,443.38
51,172,5,5,2025-10-25,9,127.88,0.1000,1150.92,115.09,1035.83,844.20,191.63
51,173,5,20,2025-10-25,8,123.79,0.1000,990.32,99.03,891.29,603.36,287.93
51,174,5,29,2025-10-25,1,55.53,0.0000,55.53,0.00,55.53,30.35,25.18
51,175,5,22,2025-10-25,1,12.60,0.0500,12.60,0.63,11.97,8.42,3.55
52,176,70,26,2025-10-23,2,147.88,0.0000,295.76,0.00,295.76,152.40,143.36
53,177,10,30,2025-10-22,9,165.77,0.0000,1491.93,0.00,1491.93,790.74,701.19
53,178,10,48,2025-10-22,10,98.28,0.0000,982.80,0.00,982.80,535.60,447.20
53,179,10,5,2025-10-22,1,127.88,0.1000,127.88,12.79,115.09,93.80,21.29
53,180,10,10,2025-10-22,8,168.80,0.1000,1350.40,135.04,1215.36,709.44,505.92
53,181,10,2,2025-10-22,8,95.98,0.1000,767.84,76.78,691.06,553.20,137.86
54,182,59,16,2025-10-22,3,132.35,0.0000,397.05,0.00,397.05,210.93,186.12
55,183,72,41,2025-10-23,1,90.07,0.0500,90.07,4.50,85.57,45.97,39.60
55,184,72,7,2025-10-23,8,63.12,0.1000,504.96,50.50,454.46,280.32,174.14
56,185,5,38,2025-10-22,2,100.72,0.0000,201.44,0.00,201.44,125.18,76.26
56,186,5,8,2025-10-22,8,97.01,0.1000,776.08,77.61,698.47,388.32,310.15
57,187,96,15,2025-10-23,2,51.99,0.0000,103.98,0.00,103.98,61.74,42.24
57,188,96,28,2025-10-23,6,42.75,0.1000,256.50,25.65,230.85,132.24,98.61
57,189,96,44,2025-10-23,7,78.05,0.0500,546.35,27.32,519.03,403.69,115.34
57,190,96,8,2025-10-23,10,97.01,0.1000,970.10,97.01,873.09,485.40,387.69
57,191,96,9,2025-10-23,6,89.98,0.0000,539.88,0.00,539.88,336.48,203.40
58,192,28,38,2025-10-22,3,100.72,0.0500,302.16,15.11,287.05,187.77,99.28
59,193,16,8,2025-10-23,5,97.01,0.0000,485.05,0.00,485.05,242.70,242.35
60,194,27,11,2025-10-21,6,37.31,0.1000,223.86,22.39,201.47,119.94,81.53
60,195,27,11,2025-10-21,8,37.31,0.0000,298.48,0.00,298.48,159.92,138.56
60,196,27,38,2025-10-21,1,100.72,0.0000,100.72,0.00,100.72,62.59,38.13
60,197,27,7,2025-10-21,10,63.12,0.0500,631.20,31.56,599.64,350.40,249.24
61,198,19,2,2025-10-25,8,95.98,0.0000,767.84,0.00,767.84,553.20,214.64
61,199,19,1,2025-10-25,1,17.01,0.0000,17.01,0.00,17.01,12.61,4.40
62,200,3,46,2025-10-24,10,46.34,0.0500,463.40,23.17,440.23,338.70,101.53
63,201,66,45,2025-10-22,8,91.45,0.1000,731.60,73.16,658.44,507.76,150.68
63,202,66,9,2025-10-22,4,89.98,0.0000,359.92,0.00,359.92,224.32,135.60
63,203,66,41,2025-10-22,5,90.07,0.1000,450.35,45.04,405.32,229.85,175.47
63,204,66,29,2025-10-22,7,55.53,0.0000,388.71,0.00,388.71,212.45,176.26
64,205,4,40,2025-10-23,1,100.37,0.1000,100.37,10.04,90.33,54.39,35.94
64,206,4,12,2025-10-23,8,181.74,0.1000,1453.92,145.39,1308.53,787.76,520.77
65,207,19,41,2025-10-21,5,90.07,0.0500,450.35,22.52,427.83,229.85,197.98
66,208,78,1,2025-10-21,9,17.01,0.0000,153.09,0.00,153.09,113.49,39.60
66,209,78,13,2025-10-21,2,112.51,0.1000,225.02,22.50,202.52,136.90,65.62
66,210,78,7,2025-10-21,10,63.12,0.0500,631.20,31.56,599.64,350.40,249.24
66,211,78,49,2025-10-21,9,55.32,0.1000,497.88,49.79,448.09,287.64,160.45
67,212,59,30,2025-10-24,4,165.77,0.0500,663.08,33.15,629.93,351.44,278.49
67,213,59,4,2025-10-24,4,74.72,0.0000,298.88,0.00,298.88,179.32,119.56
68,214,61,44,2025-10-23,8,78.05,0.0500,624.40,31.22,593.18,461.36,131.82
68,215,61,12,2025-10-23,3,181.74,0.1000,545.22,54.52,490.70,295.41,195.29
69,216,72,4,2025-10-25,6,74.72,0.0500,448.32,22.42,425.90,268.98,156.92
70,217,14,28,2025-10-22,5,42.75,0.0500,213.75,10.69,203.06,110.20,92.86
70,218,14,40,2025-10-22,8,100.37,0.0000,802.96,0.00,802.96,435.12,367.84
71,219,36,48,2025-10-25,1,98.28,0.1000,98.28,9.83,88.45,53.56,34.89
72,220,98,11,2025-10-26,1,37.31,0.0500,37.31,1.87,35.44,19.99,15.45
72,221,98,33,2025-10-26,2,39.51,0.0000,79.02,0.00,79.02,62.94,16.08
73,222,82,47,2025-10-24,8,105.63,0.1000,845.04,84.50,760.54,537.60,222.94
73,223,82,38,2025-10-24,6,100.72,0.0500,604.32,30.22,574.10,375.54,198.56
74,224,42,48,2025-10-22,6,98.28,0.0000,589.68,0.00,589.68,321.36,268.32
74,225,42,50,2025-10-22,2,27.21,0.0500,54.42,2.72,51.70,27.74,23.96
75,226,85,7,2025-10-21,4,63.12,0.1000,252.48,25.25,227.23,140.16,87.07
75,227,85,27,2025-10-21,4,180.68,0.0500,722.72,36.14,686.58,390.96,295.62
76,228,37,5,2025-10-24,8,127.88,0.1000,1023.04,102.30,920.74,750.40,170.34
76,229,37,32,2025-10-24,1,45.24,0.0500,45.24,2.26,42.98,26.18,16.80
77,230,39,14,2025-10-23,10,57.59,0.0500,575.90,28.80,547.11,301.20,245.91
77,231,39,12,2025-10-23,7,181.74,0.0500,1272.18,63.61,1208.57,689.29,519.28
78,232,49,30,2025-10-24,4,165.77,0.1000,663.08,66.31,596.77,351.44,245.33
78,233,49,23,2025-10-24,5,56.53,0.0000,282.65,0.00,282.65,229.15,53.50
79,234,10,9,2025-10-24,1,89.98,0.1000,89.98,9.00,80.98,56.08,24.90
79,235,10,37,2025-10-24,1,91.07,0.0500,91.07,4.55,86.52,61.67,24.85
79,236,10,9,2025-10-24,2,89.98,0.0500,179.96,9.00,170.96,112.16,58.80
80,237,22,27,2025-10-24,3,180.68,0.0500,542.04,27.10,514.94,293.22,221.72
80,238,22,15,2025-10-24,5,51.99,0.1000,259.95,26.00,233.96,154.35,79.61
80,239,22,11,2025-10-24,10,37.31,0.0000,373.10,0.00,373.10,199.90,173.20
80,240,22,37,2025-10-24,9,91.07,0.0000,819.63,0.00,819.63,555.03,264.60
81,241,51,27,2025-10-23,9,180.68,0.0500,1626.12,81.31,1544.81,879.66,665.15
82,242,100,38,2025-10-22,8,100.72,0.0500,805.76,40.29,765.47,500.72,264.75
82,243,100,18,2025-10-22,1,121.61,0.1000,121.61,12.16,109.45,65.26,44.19
83,244,98,48,2025-10-21,4,98.28,0.0000,393.12,0.00,393.12,214.24,178.88
83,245,98,21,2025-10-21,7,7.46,0.1000,52.22,5.22,47.00,41.44,5.56
83,246,98,15,2025-10-21,10,51.99,0.0000,519.90,0.00,519.90,308.70,211.20
83,247,98,37,2025-10-21,1,91.07,0.0500,91.07,4.55,86.52,61.67,24.85
84,248,81,3,2025-10-22,8,47.57,0.1000,380.56,38.06,342.50,227.12,115.38
85,249,65,3,2025-10-24,7,47.57,0.1000,332.99,33.30,299.69,198.73,100.96
85,250,65,26,2025-10-24,8,147.88,0.1000,1183.04,118.30,1064.74,609.60,455.14
85,251,65,7,2025-10-24,8,63.12,0.0500,504.96,25.25,479.71,280.32,199.39
85,252,65,16,2025-10-24,2,132.35,0.1000,264.70,26.47,238.23,140.62,97.61
85,253,65,49,2025-10-24,1,55.32,0.1000,55.32,5.53,49.79,31.96,17.83
86,254,65,14,2025-10-22,3,57.59,0.0500,172.77,8.64,164.13,90.36,73.77
86,255,65,19,2025-10-22,4,47.87,0.1000,191.48,19.15,172.33,146.76,25.57
86,256,65,6,2025-10-22,1,39.45,0.0500,39.45,1.97,37.48,30.23,7.25
86,257,65,43,2025-10-22,5,52.49,0.0000,262.45,0.00,262.45,171.90,90.55
87,258,20,37,2025-10-26,10,91.07,0.0000,910.70,0.00,910.70,616.70,294.00
87,259,20,30,2025-10-26,8,165.77,0.0000,1326.16,0.00,1326.16,702.88,623.28
87,260,20,46,2025-10-26,7,46.34,0.0000,324.38,0.00,324.38,237.09,87.29
87,261,20,24,2025-10-26,8,123.67,0.1000,989.36,98.94,890.42,723.20,167.22
88,262,79,41,2025-10-21,2,90.07,0.0500,180.14,9.01,171.13,91.94,79.19
89,263,83,34,2025-10-23,1,100.21,0.0500,100.21,5.01,95.20,65.94,29.26
89,264,83,28,2025-10-23,5,42.75,0.1000,213.75,21.38,192.38,110.20,82.18
89,265,83,40,2025-10-23,9,100.37,0.1000,903.33,90.33,813.00,489.51,323.49
90,266,75,44,2025-10-24,2,78.05,0.1000,156.10,15.61,140.49,115.34,25.15
90,267,75,22,2025-10-24,1,12.60,0.1000,12.60,1.26,11.34,8.42,2.92
91,268,43,4,2025-10-21,2,74.72,0.0500,149.44,7.47,141.97,89.66,52.31
91,269,43,24,2025-10-21,8,123.67,0.1000,989.36,98.94,890.42,723.20,167.22
91,270,43,3,2025-10-21,6,47.57,0.0500,285.42,14.27,271.15,170.34,100.81
92,271,44,42,2025-10-24,9,65.41,0.1000,588.69,58.87,529.82,313.38,216.44
92,272,44,5,2025-10-24,9,127.88,0.1000,1150.92,115.09,1035.83,844.20,191.63
93,273,68,9,2025-10-25,6,89.98,0.0000,539.88,0.00,539.88,336.48,203.40
93,274,68,35,2025-10-25,2,121.77,0.1000,243.54,24.35,219.19,188.46,30.73
94,275,22,48,2025-10-25,10,98.28,0.1000,982.80,98.28,884.52,535.60,348.92
94,276,22,14,2025-10-25,4,57.59,0.0500,230.36,11.52,218.84,120.48,98.36
94,277,22,23,2025-10-25,5,56.53,0.1000,282.65,28.27,254.39,229.15,25.24
94,278,22,44,2025-10-25,7,78.05,0.0500,546.35,27.32,519.03,403.69,115.34
95,279,40,5,2025-10-21,6,127.88,0.0500,767.28,38.36,728.92,562.80,166.12
96,280,21,32,2025-10-22,9,45.24,0.1000,407.16,40.72,366.44,235.62,130.82
96,281,21,8,2025-10-22,8,97.01,0.1000,776.08,77.61,698.47,388.32,310.15
96,282,21,35,2025-10-22,9,121.77,0.0500,1095.93,54.80,1041.13,848.07,193.06
96,283,21,29,2025-10-22,10,55.53,0.0500,555.30,27.77,527.54,303.50,224.04
97,284,92,13,2025-10-22,8,112.51,0.0000,900.08,0.00,900.08,547.60,352.48
98,285,12,26,2025-10-26,3,147.88,0.0500,443.64,22.18,421.46,228.60,192.86
99,286,11,7,2025-10-24,3,63.12,0.0500,189.36,9.47,179.89,105.12,74.77
100,287,61,45,2025-10-23,3,91.45,0.0500,274.35,13.72,260.63,190.41,70.22
101,288,94,14,2025-10-21,9,57.59,0.1000,518.31,51.83,466.48,271.08,195.40
101,289,94,2,2025-10-21,5,95.98,0.0500,479.90,24.00,455.91,345.75,110.16
102,290,80,9,2025-10-22,8,89.98,0.0500,719.84,35.99,683.85,448.64,235.21
102,291,80,27,2025-10-22,8,180.68,0.1000,1445.44,144.54,1300.90,781.92,518.98
102,292,80,42,2025-10-22,1,65.41,0.0500,65.41,3.27,62.14,34.82,27.32
102,293,80,13,2025-10-22,2,112.51,0.0000,225.02,0.00,225.02,136.90,88.12
102,294,80,15,2025-10-22,9,51.99,0.1000,467.91,46.79,421.12,277.83,143.29
103,295,38,27,2025-10-22,10,180.68,0.0500,1806.80,90.34,1716.46,977.40,739.06
103,296,38,42,2025-10-22,6,65.41,0.0500,392.46,19.62,372.84,208.92,163.92
103,297,38,38,2025-10-22,9,100.72,0.1000,906.48,90.65,815.83,563.31,252.52
104,298,68,30,2025-10-24,5,165.77,0.1000,828.85,82.89,745.97,439.30,306.67
104,299,68,9,2025-10-24,5,89.98,0.0000,449.90,0.00,449.90,280.40,169.50
104,300,68,17,2025-10-24,4,55.59,0.0500,222.36,11.12,211.24,115.44,95.80
104,301,68,24,2025-10-24,5,123.67,0.0000,618.35,0.00,618.35,452.00,166.35
105,302,3,23,2025-10-26,5,56.53,0.0500,282.65,14.13,268.52,229.15,39.37
105,303,3,11,2025-10-26,10,37.31,0.0000,373.10,0.00,373.10,199.90,173.20
106,304,70,19,2025-10-23,3,47.87,0.0000,143.61,0.00,143.61,110.07,33.54
106,305,70,46,2025-10-23,3,46.34,0.0000,139.02,0.00,139.02,101.61,37.41
106,306,70,16,2025-10-23,2,132.35,0.0000,264.70,0.00,264.70,140.62,124.08
106,307,70,21,2025-10-23,10,7.46,0.0000,74.60,0.00,74.60,59.20,15.40
106,308,70,29,2025-10-23,5,55.53,0.0500,277.65,13.88,263.77,151.75,112.02
107,309,59,14,2025-10-25,9,57.59,0.1000,518.31,51.83,466.48,271.08,195.40
107,310,59,3,2025-10-25,6,47.57,0.0500,285.42,14.27,271.15,170.34,100.81
108,311,70,24,2025-10-25,8,123.67,0.1000,989.36,98.94,890.42,723.20,167.22
108,312,70,11,2025-10-25,9,37.31,0.0500,335.79,16.79,319.00,179.91,139.09
109,313,48,2,2025-10-26,7,95.98,0.0500,671.86,33.59,638.27,484.05,154.22
110,314,67,30,2025-10-25,6,165.77,0.0000,994.62,0.00,994.62,527.16,467.46
110,315,67,1,2025-10-25,9,17.01,0.1000,153.09,15.31,137.78,113.49,24.29
111,316,11,42,2025-10-22,5,65.41,0.0500,327.05,16.35,310.70,174.10,136.60
111,317,11,19,2025-10-22,10,47.87,0.1000,478.70,47.87,430.83,366.90,63.93
111,318,11,10,2025-10-22,10,168.80,0.1000,1688.00,168.80,1519.20,886.80,632.40
112,319,46,22,2025-10-26,2,12.60,0.1000,25.20,2.52,22.68,16.84,5.84
112,320,46,31,2025-10-26,1,129.50,0.0000,129.50,0.00,129.50,82.58,46.92
112,321,46,44,2025-10-26,9,78.05,0.0000,702.45,0.00,702.45,519.03,183.42
112,322,46,20,2025-10-26,1,123.79,0.0500,123.79,6.19,117.60,75.42,42.18
113,323,87,15,2025-10-24,8,51.99,0.0500,415.92,20.80,395.12,246.96,148.16
113,324,87,6,2025-10-24,6,39.45,0.0000,236.70,0.00,236.70,181.38,55.32
113,325,87,39,2025-10-24,4,28.49,0.1000,113.96,11.40,102.56,92.24,10.32
113,326,87,34,2025-10-24,4,100.21,0.0500,400.84,20.04,380.80,263.76,117.04
113,327,87,13,2025-10-24,1,112.51,0.0000,112.51,0.00,112.51,68.45,44.06
114,328,73,29,2025-10-23,2,55.53,0.1000,111.06,11.11,99.95,60.70,39.25
114,329,73,26,2025-10-23,4,147.88,0.0500,591.52,29.58,561.94,304.80,257.14
114,330,73,21,2025-10-23,10,7.46,0.1000,74.60,7.46,67.14,59.20,7.94
114,331,73,33,2025-10-23,1,39.51,0.1000,39.51,3.95,35.56,31.47,4.09
114,332,73,24,2025-10-23,7,123.67,0.0000,865.69,0.00,865.69,632.80,232.89
115,333,47,24,2025-10-24,7,123.67,0.0500,865.69,43.28,822.41,632.80,189.61
115,334,47,1,2025-10-24,5,17.01,0.0500,85.05,4.25,80.80,63.05,17.75
115,335,47,23,2025-10-24,5,56.53,0.0500,282.65,14.13,268.52,229.15,39.37
115,336,47,36,2025-10-24,2,119.52,0.0000,239.04,0.00,239.04,120.32,118.72
116,337,72,48,2025-10-24,7,98.28,0.0500,687.96,34.40,653.56,374.92,278.64
116,338,72,19,2025-10-24,3,47.87,0.1000,143.61,14.36,129.25,110.07,19.18
116,339,72,28,2025-10-24,7,42.75,0.0000,299.25,0.00,299.25,154.28,144.97
116,340,72,38,2025-10-24,10,100.72,0.0000,1007.20,0.00,1007.20,625.90,381.30
117,341,10,14,2025-10-23,5,57.59,0.0500,287.95,14.40,273.55,150.60,122.95
117,342,10,34,2025-10-23,6,100.21,0.0000,601.26,0.00,601.26,395.64,205.62
118,343,39,49,2025-10-25,7,55.32,0.0000,387.24,0.00,387.24,223.72,163.52
118,344,39,1,2025-10-25,7,17.01,0.1000,119.07,11.91,107.16,88.27,18.89
118,345,39,18,2025-10-25,7,121.61,0.0000,851.27,0.00,851.27,456.82,394.45
118,346,39,36,2025-10-25,8,119.52,0.1000,956.16,95.62,860.54,481.28,379.26
118,347,39,37,2025-10-25,3,91.07,0.0000,273.21,0.00,273.21,185.01,88.20
119,348,4,25,2025-10-24,5,63.61,0.1000,318.05,31.81,286.25,193.00,93.25
119,349,4,32,2025-10-24,1,45.24,0.0500,45.24,2.26,42.98,26.18,16.80
120,350,92,20,2025-10-23,8,123.79,0.1000,990.32,99.03,891.29,603.36,287.93
120,351,92,48,2025-10-23,8,98.28,0.0000,786.24,0.00,786.24,428.48,357.76
120,352,92,2,2025-10-23,1,95.98,0.0000,95.98,0.00,95.98,69.15,26.83
120,353,92,17,2025-10-23,5,55.59,0.1000,277.95,27.80,250.16,144.30,105.86
120,354,92,41,2025-10-23,8,90.07,0.0000,720.56,0.00,720.56,367.76,352.80
121,355,45,27,2025-10-24,3,180.68,0.0500,542.04,27.10,514.94,293.22,221.72
121,356,45,45,2025-10-24,4,91.45,0.0000,365.80,0.00,365.80,253.88,111.92
121,357,45,8,2025-10-24,5,97.01,0.0500,485.05,24.25,460.80,242.70,218.10
122,358,39,39,2025-10-25,6,28.49,0.1000,170.94,17.09,153.85,138.36,15.49
123,359,81,37,2025-10-21,7,91.07,0.0500,637.49,31.87,605.62,431.69,173.93
123,360,81,41,2025-10-21,8,90.07,0.1000,720.56,72.06,648.50,367.76,280.74
123,361,81,8,2025-10-21,6,97.01,0.1000,582.06,58.21,523.85,291.24,232.61
123,362,81,47,2025-10-21,10,105.63,0.0000,1056.30,0.00,1056.30,672.00,384.30
124,363,93,11,2025-10-25,10,37.31,0.0000,373.10,0.00,373.10,199.90,173.20
124,364,93,10,2025-10-25,6,168.80,0.0500,1012.80,50.64,962.16,532.08,430.08
124,365,93,45,2025-10-25,3,91.45,0.0500,274.35,13.72,260.63,190.41,70.22
125,366,54,4,2025-10-25,5,74.72,0.0500,373.60,18.68,354.92,224.15,130.77
125,367,54,27,2025-10-25,6,180.68,0.0000,1084.08,0.00,1084.08,586.44,497.64
126,368,88,19,2025-10-22,9,47.87,0.1000,430.83,43.08,387.75,330.21,57.54
126,369,88,5,2025-10-22,9,127.88,0.0000,1150.92,0.00,1150.92,844.20,306.72
126,370,88,50,2025-10-22,3,27.21,0.0000,81.63,0.00,81.63,41.61,40.02
127,371,78,49,2025-10-26,3,55.32,0.1000,165.96,16.60,149.36,95.88,53.48
127,372,78,21,2025-10-26,6,7.46,0.1000,44.76,4.48,40.28,35.52,4.76
127,373,78,20,2025-10-26,5,123.79,0.1000,618.95,61.90,557.06,377.10,179.96
127,374,78,45,2025-10-26,6,91.45,0.0000,548.70,0.00,548.70,380.82,167.88
127,375,78,35,2025-10-26,10,121.77,0.0500,1217.70,60.89,1156.82,942.30,214.52
128,376,31,1,2025-10-22,3,17.01,0.1000,51.03,5.10,45.93,37.83,8.10
128,377,31,19,2025-10-22,6,47.87,0.0500,287.22,14.36,272.86,220.14,52.72
129,378,54,22,2025-10-25,3,12.60,0.0000,37.80,0.00,37.80,25.26,12.54
129,379,54,14,2025-10-25,3,57.59,0.1000,172.77,17.28,155.49,90.36,65.13
129,380,54,15,2025-10-25,4,51.99,0.1000,207.96,20.80,187.16,123.48,63.68
129,381,54,40,2025-10-25,9,100.37,0.1000,903.33,90.33,813.00,489.51,323.49
130,382,40,45,2025-10-22,2,91.45,0.0500,182.90,9.15,173.76,126.94,46.82
130,383,40,30,2025-10-22,2,165.77,0.0000,331.54,0.00,331.54,175.72,155.82
130,384,40,9,2025-10-22,1,89.98,0.0500,89.98,4.50,85.48,56.08,29.40
130,385,40,23,2025-10-22,5,56.53,0.1000,282.65,28.27,254.39,229.15,25.24
130,386,40,24,2025-10-22,3,123.67,0.0500,371.01,18.55,352.46,271.20,81.26
131,387,37,34,2025-10-23,6,100.21,0.0000,601.26,0.00,601.26,395.64,205.62
131,388,37,46,2025-10-23,5,46.34,0.0000,231.70,0.00,231.70,169.35,62.35
131,389,37,48,2025-10-23,2,98.28,0.0000,196.56,0.00,196.56,107.12,89.44
131,390,37,9,2025-10-23,3,89.98,0.1000,269.94,26.99,242.95,168.24,74.71
131,391,37,15,2025-10-23,5,51.99,0.0000,259.95,0.00,259.95,154.35,105.60
132,392,98,9,2025-10-25,2,89.98,0.0500,179.96,9.00,170.96,112.16,58.80
132,393,98,45,2025-10-25,2,91.45,0.0000,182.90,0.00,182.90,126.94,55.96
133,394,58,50,2025-10-21,8,27.21,0.0500,217.68,10.88,206.80,110.96,95.84
134,395,47,13,2025-10-22,2,112.51,0.0000,225.02,0.00,225.02,136.90,88.12
135,396,67,38,2025-10-22,1,100.72,0.0500,100.72,5.04,95.68,62.59,33.09
135,397,67,8,2025-10-22,5,97.01,0.0000,485.05,0.00,485.05,242.70,242.35
135,398,67,5,2025-10-22,5,127.88,0.1000,639.40,63.94,575.46,469.00,106.46
135,399,67,1,2025-10-22,2,17.01,0.0000,34.02,0.00,34.02,25.22,8.80
135,400,67,39,2025-10-22,4,28.49,0.1000,113.96,11.40,102.56,92.24,10.32
136,401,95,12,2025-10-22,6,181.74,0.0000,1090.44,0.00,1090.44,590.82,499.62
136,402,95,6,2025-10-22,3,39.45,0.1000,118.35,11.84,106.52,90.69,15.83
137,403,48,38,2025-10-24,6,100.72,0.0500,604.32,30.22,574.10,375.54,198.56
137,404,48,11,2025-10-24,9,37.31,0.1000,335.79,33.58,302.21,179.91,122.30
137,405,48,40,2025-10-24,4,100.37,0.1000,401.48,40.15,361.33,217.56,143.77
138,406,93,5,2025-10-21,2,127.88,0.1000,255.76,25.58,230.18,187.60,42.58
138,407,93,49,2025-10-21,1,55.32,0.1000,55.32,5.53,49.79,31.96,17.83
138,408,93,14,2025-10-21,4,57.59,0.0500,230.36,11.52,218.84,120.48,98.36
138,409,93,11,2025-10-21,9,37.31,0.0000,335.79,0.00,335.79,179.91,155.88
138,410,93,47,2025-10-21,2,105.63,0.0000,211.26,0.00,211.26,134.40,76.86
139,411,15,46,2025-10-22,8,46.34,0.0500,370.72,18.54,352.18,270.96,81.22
139,412,15,45,2025-10-22,10,91.45,0.0000,914.50,0.00,914.50,634.70,279.80
139,413,15,29,2025-10-22,2,55.53,0.0000,111.06,0.00,111.06,60.70,50.36
139,414,15,23,2025-10-22,7,56.53,0.0500,395.71,19.79,375.92,320.81,55.11
139,415,15,14,2025-10-22,9,57.59,0.0000,518.31,0.00,518.31,271.08,247.23
140,416,61,8,2025-10-21,6,97.01,0.0000,582.06,0.00,582.06,291.24,290.82
140,417,61,30,2025-10-21,2,165.77,0.1000,331.54,33.15,298.39,175.72,122.67
140,418,61,9,2025-10-21,8,89.98,0.0500,719.84,35.99,683.85,448.64,235.21
140,419,61,46,2025-10-21,5,46.34,0.1000,231.70,23.17,208.53,169.35,39.18
141,420,23,6,2025-10-23,6,39.45,0.0500,236.70,11.84,224.87,181.38,43.49
142,421,32,25,2025-10-24,5,63.61,0.0500,318.05,15.90,302.15,193.00,109.15
143,422,72,48,2025-10-25,5,98.28,0.1000,491.40,49.14,442.26,267.80,174.46
143,423,72,29,2025-10-25,4,55.53,0.1000,222.12,22.21,199.91,121.40,78.51
143,424,72,27,2025-10-25,5,180.68,0.0500,903.40,45.17,858.23,488.70,369.53
143,425,72,13,2025-10-25,2,112.51,0.0500,225.02,11.25,213.77,136.90,76.87
143,426,72,44,2025-10-25,6,78.05,0.0000,468.30,0.00,468.30,346.02,122.28
144,427,92,44,2025-10-25,8,78.05,0.1000,624.40,62.44,561.96,461.36,100.60
145,428,90,26,2025-10-24,8,147.88,0.1000,1183.04,118.30,1064.74,609.60,455.14
146,429,53,8,2025-10-23,3,97.01,0.0500,291.03,14.55,276.48,145.62,130.86
147,430,26,45,2025-10-21,10,91.45,0.0000,914.50,0.00,914.50,634.70,279.80
147,431,26,48,2025-10-21,3,98.28,0.0000,294.84,0.00,294.84,160.68,134.16
147,432,26,24,2025-10-21,4,123.67,0.0500,494.68,24.73,469.95,361.60,108.35
147,433,26,13,2025-10-21,10,112.51,0.0500,1125.10,56.26,1068.85,684.50,384.35
148,434,5,15,2025-10-22,7,51.99,0.1000,363.93,36.39,327.54,216.09,111.45
149,435,78,18,2025-10-23,10,121.61,0.1000,1216.10,121.61,1094.49,652.60,441.89
149,436,78,18,2025-10-23,7,121.61,0.0500,851.27,42.56,808.71,456.82,351.89
149,437,78,31,2025-10-23,10,129.50,0.0500,1295.00,64.75,1230.25,825.80,404.45
149,438,78,32,2025-10-23,9,45.24,0.0500,407.16,20.36,386.80,235.62,151.18
150,439,15,50,2025-10-25,8,27.21,0.0000,217.68,0.00,217.68,110.96,106.72
150,440,15,8,2025-10-25,5,97.01,0.0500,485.05,24.25,460.80,242.70,218.10
151,441,25,15,2025-10-23,3,51.99,0.0000,155.97,0.00,155.97,92.61,63.36
151,442,25,7,2025-10-23,1,63.12,0.0000,63.12,0.00,63.12,35.04,28.08
151,443,25,32,2025-10-23,1,45.24,0.0000,45.24,0.00,45.24,26.18,19.06
151,444,25,25,2025-10-23,10,63.61,0.1000,636.10,63.61,572.49,386.00,186.49
152,445,62,10,2025-10-25,5,168.80,0.1000,844.00,84.40,759.60,443.40,316.20
152,446,62,40,2025-10-25,2,100.37,0.0000,200.74,0.00,200.74,108.78,91.96
152,447,62,43,2025-10-25,9,52.49,0.0500,472.41,23.62,448.79,309.42,139.37
153,448,93,13,2025-10-24,5,112.51,0.1000,562.55,56.26,506.30,342.25,164.05
153,449,93,32,2025-10-24,8,45.24,0.1000,361.92,36.19,325.73,209.44,116.29
153,450,93,17,2025-10-24,9,55.59,0.0500,500.31,25.02,475.29,259.74,215.55
153,451,93,35,2025-10-24,9,121.77,0.0000,1095.93,0.00,1095.93,848.07,247.86
154,452,88,28,2025-10-21,2,42.75,0.0500,85.50,4.28,81.23,44.08,37.15
155,453,59,21,2025-10-25,7,7.46,0.0500,52.22,2.61,49.61,41.44,8.17
155,454,59,30,2025-10-25,1,165.77,0.0000,165.77,0.00,165.77,87.86,77.91
155,455,59,12,2025-10-25,9,181.74,0.1000,1635.66,163.57,1472.09,886.23,585.86
155,456,59,50,2025-10-25,5,27.21,0.1000,136.05,13.61,122.45,69.35,53.10
156,457,68,32,2025-10-22,7,45.24,0.0000,316.68,0.00,316.68,183.26,133.42
156,458,68,20,2025-10-22,7,123.79,0.0500,866.53,43.33,823.20,527.94,295.26
157,459,67,37,2025-10-23,8,91.07,0.1000,728.56,72.86,655.70,493.36,162.34
158,460,54,44,2025-10-26,9,78.05,0.1000,702.45,70.25,632.21,519.03,113.18
158,461,54,31,2025-10-26,8,129.50,0.1000,1036.00,103.60,932.40,660.64,271.76
158,462,54,11,2025-10-26,9,37.31,0.0000,335.79,0.00,335.79,179.91,155.88
158,463,54,26,2025-10-26,5,147.88,0.0500,739.40,36.97,702.43,381.00,321.43
158,464,54,38,2025-10-26,7,100.72,0.1000,705.04,70.50,634.54,438.13,196.41
159,465,96,50,2025-10-26,5,27.21,0.0500,136.05,6.80,129.25,69.35,59.90
159,466,96,4,2025-10-26,1,74.72,0.1000,74.72,7.47,67.25,44.83,22.42
159,467,96,3,2025-10-26,3,47.57,0.0500,142.71,7.14,135.57,85.17,50.40
160,468,9,48,2025-10-25,10,98.28,0.0000,982.80,0.00,982.80,535.60,447.20
160,469,9,49,2025-10-25,6,55.32,0.0500,331.92,16.60,315.32,191.76,123.56
160,470,9,7,2025-10-25,7,63.12,0.0500,441.84,22.09,419.75,245.28,174.47
161,471,49,27,2025-10-25,6,180.68,0.0000,1084.08,0.00,1084.08,586.44,497.64
161,472,49,43,2025-10-25,4,52.49,0.0000,209.96,0.00,209.96,137.52,72.44
161,473,49,16,2025-10-25,5,132.35,0.1000,661.75,66.18,595.58,351.55,244.03
162,474,29,45,2025-10-25,2,91.45,0.0500,182.90,9.15,173.76,126.94,46.82
163,475,20,22,2025-10-26,3,12.60,0.0000,37.80,0.00,37.80,25.26,12.54
164,476,58,21,2025-10-22,1,7.46,0.0500,7.46,0.37,7.09,5.92,1.17
164,477,58,43,2025-10-22,7,52.49,0.1000,367.43,36.74,330.69,240.66,90.03
164,478,58,33,2025-10-22,7,39.51,0.0500,276.57,13.83,262.74,220.29,42.45
164,479,58,2,2025-10-22,8,95.98,0.1000,767.84,76.78,691.06,553.20,137.86
164,480,58,2,2025-10-22,6,95.98,0.0500,575.88,28.79,547.09,414.90,132.19
165,481,100,25,2025-10-24,6,63.61,0.1000,381.66,38.17,343.49,231.60,111.89
165,482,100,7,2025-10-24,8,63.12,0.0000,504.96,0.00,504.96,280.32,224.64
165,483,100,45,2025-10-24,4,91.45,0.0500,365.80,18.29,347.51,253.88,93.63
165,484,100,32,2025-10-24,9,45.24,0.1000,407.16,40.72,366.44,235.62,130.82
165,485,100,22,2025-10-24,3,12.60,0.1000,37.80,3.78,34.02,25.26,8.76
166,486,19,24,2025-10-22,7,123.67,0.0000,865.69,0.00,865.69,632.80,232.89
166,487,19,32,2025-10-22,2,45.24,0.1000,90.48,9.05,81.43,52.36,29.07
166,488,19,14,2025-10-22,5,57.59,0.0500,287.95,14.40,273.55,150.60,122.95
167,489,7,20,2025-10-24,10,123.79,0.0500,1237.90,61.90,1176.01,754.20,421.81
168,490,69,40,2025-10-22,2,100.37,0.1000,200.74,20.07,180.67,108.78,71.89
168,491,69,38,2025-10-22,2,100.72,0.1000,201.44,20.14,181.30,125.18,56.12
169,492,18,18,2025-10-25,2,121.61,0.1000,243.22,24.32,218.90,130.52,88.38
169,493,18,34,2025-10-25,8,100.21,0.0500,801.68,40.08,761.60,527.52,234.08
169,494,18,14,2025-10-25,6,57.59,0.0000,345.54,0.00,345.54,180.72,164.82
170,495,25,33,2025-10-22,5,39.51,0.0500,197.55,9.88,187.67,157.35,30.32
170,496,25,43,2025-10-22,9,52.49,0.0500,472.41,23.62,448.79,309.42,139.37
170,497,25,13,2025-10-22,7,112.51,0.0500,787.57,39.38,748.19,479.15,269.04
171,498,43,40,2025-10-23,9,100.37,0.0500,903.33,45.17,858.16,489.51,368.65
171,499,43,43,2025-10-23,9,52.49,0.0000,472.41,0.00,472.41,309.42,162.99
171,500,43,2,2025-10-23,9,95.98,0.0000,863.82,0.00,863.82,622.35,241.47
172,501,51,32,2025-10-22,4,45.24,0.1000,180.96,18.10,162.86,104.72,58.14
172,502,51,48,2025-10-22,8,98.28,0.0500,786.24,39.31,746.93,428.48,318.45
172,503,51,41,2025-10-22,9,90.07,0.1000,810.63,81.06,729.57,413.73,315.84
172,504,51,50,2025-10-22,7,27.21,0.1000,190.47,19.05,171.42,97.09,74.33
172,505,51,47,2025-10-22,1,105.63,0.1000,105.63,10.56,95.07,67.20,27.87
173,506,64,24,2025-10-21,8,123.67,0.0000,989.36,0.00,989.36,723.20,266.16
173,507,64,16,2025-10-21,3,132.35,0.1000,397.05,39.71,357.35,210.93,146.42
174,508,95,28,2025-10-21,7,42.75,0.0500,299.25,14.96,284.29,154.28,130.01
174,509,95,5,2025-10-21,4,127.88,0.0500,511.52,25.58,485.94,375.20,110.74
174,510,95,18,2025-10-21,5,121.61,0.1000,608.05,60.81,547.25,326.30,220.95
175,511,32,17,2025-10-22,10,55.59,0.0000,555.90,0.00,555.90,288.60,267.30
175,512,32,26,2025-10-22,4,147.88,0.0000,591.52,0.00,591.52,304.80,286.72
176,513,70,13,2025-10-26,1,112.51,0.0000,112.51,0.00,112.51,68.45,44.06
176,514,70,20,2025-10-26,8,123.79,0.0500,990.32,49.52,940.80,603.36,337.44
177,515,81,28,2025-10-23,7,42.75,0.1000,299.25,29.93,269.33,154.28,115.05
177,516,81,3,2025-10-23,4,47.57,0.0000,190.28,0.00,190.28,113.56,76.72
177,517,81,18,2025-10-23,3,121.61,0.0000,364.83,0.00,364.83,195.78,169.05
177,518,81,17,2025-10-23,5,55.59,0.1000,277.95,27.80,250.16,144.30,105.86
177,519,81,36,2025-10-23,3,119.52,0.1000,358.56,35.86,322.70,180.48,142.22
178,520,85,47,2025-10-25,8,105.63,0.0000,845.04,0.00,845.04,537.60,307.44
179,521,37,6,2025-10-26,6,39.45,0.1000,236.70,23.67,213.03,181.38,31.65
180,522,33,5,2025-10-24,7,127.88,0.0500,895.16,44.76,850.40,656.60,193.80
180,523,33,43,2025-10-24,2,52.49,0.0500,104.98,5.25,99.73,68.76,30.97
180,524,33,47,2025-10-24,3,105.63,0.0000,316.89,0.00,316.89,201.60,115.29
181,525,11,37,2025-10-23,9,91.07,0.0000,819.63,0.00,819.63,555.03,264.60
182,526,56,43,2025-10-24,10,52.49,0.1000,524.90,52.49,472.41,343.80,128.61
182,527,56,17,2025-10-24,8,55.59,0.0000,444.72,0.00,444.72,230.88,213.84
182,528,56,16,2025-10-24,10,132.35,0.0000,1323.50,0.00,1323.50,703.10,620.40
182,529,56,50,2025-10-24,6,27.21,0.0500,163.26,8.16,155.10,83.22,71.88
182,530,56,38,2025-10-24,7,100.72,0.1000,705.04,70.50,634.54,438.13,196.41
183,531,10,28,2025-10-22,4,42.75,0.0000,171.00,0.00,171.00,88.16,82.84
183,532,10,7,2025-10-22,3,63.12,0.0000,189.36,0.00,189.36,105.12,84.24
184,533,92,29,2025-10-24,7,55.53,0.0500,388.71,19.44,369.27,212.45,156.82
184,534,92,38,2025-10-24,1,100.72,0.0500,100.72,5.04,95.68,62.59,33.09
184,535,92,35,2025-10-24,6,121.77,0.1000,730.62,73.06,657.56,565.38,92.18
185,536,95,21,2025-10-25,9,7.46,0.0500,67.14,3.36,63.78,53.28,10.50
186,537,99,44,2025-10-23,4,78.05,0.0500,312.20,15.61,296.59,230.68,65.91
186,538,99,10,2025-10-23,6,168.80,0.0500,1012.80,50.64,962.16,532.08,430.08
186,539,99,46,2025-10-23,6,46.34,0.0500,278.04,13.90,264.14,203.22,60.92
186,540,99,2,2025-10-23,10,95.98,0.0000,959.80,0.00,959.80,691.50,268.30
187,541,49,45,2025-10-25,4,91.45,0.0500,365.80,18.29,347.51,253.88,93.63
188,542,11,25,2025-10-23,5,63.61,0.1000,318.05,31.81,286.25,193.00,93.25
188,543,11,45,2025-10-23,6,91.45,0.1000,548.70,54.87,493.83,380.82,113.01
188,544,11,8,2025-10-23,9,97.01,0.0000,873.09,0.00,873.09,436.86,436.23
188,545,11,29,2025-10-23,7,55.53,0.0000,388.71,0.00,388.71,212.45,176.26
188,546,11,26,2025-10-23,5,147.88,0.0500,739.40,36.97,702.43,381.00,321.43
189,547,40,49,2025-10-23,4,55.32,0.0500,221.28,11.06,210.22,127.84,82.38
190,548,53,11,2025-10-24,8,37.31,0.1000,298.48,29.85,268.63,159.92,108.71
190,549,53,21,2025-10-24,7,7.46,0.0000,52.22,0.00,52.22,41.44,10.78
191,550,53,6,2025-10-24,8,39.45,0.0500,315.60,15.78,299.82,241.84,57.98
191,551,53,48,2025-10-24,7,98.28,0.0500,687.96,34.40,653.56,374.92,278.64
191,552,53,46,2025-10-24,7,46.34,0.0000,324.38,0.00,324.38,237.09,87.29
192,553,35,45,2025-10-24,5,91.45,0.1000,457.25,45.73,411.53,317.35,94.18
192,554,35,5,2025-10-24,6,127.88,0.0500,767.28,38.36,728.92,562.80,166.12
193,555,32,47,2025-10-24,9,105.63,0.1000,950.67,95.07,855.60,604.80,250.80
193,556,32,21,2025-10-24,8,7.46,0.1000,59.68,5.97,53.71,47.36,6.35
193,557,32,2,2025-10-24,1,95.98,0.1000,95.98,9.60,86.38,69.15,17.23
193,558,32,42,2025-10-24,3,65.41,0.1000,196.23,19.62,176.61,104.46,72.15
193,559,32,29,2025-10-24,3,55.53,0.0000,166.59,0.00,166.59,91.05,75.54
194,560,80,13,2025-10-21,5,112.51,0.0500,562.55,28.13,534.42,342.25,192.17
194,561,80,37,2025-10-21,2,91.07,0.0000,182.14,0.00,182.14,123.34,58.80
194,562,80,11,2025-10-21,4,37.31,0.1000,149.24,14.92,134.32,79.96,54.36
194,563,80,46,2025-10-21,3,46.34,0.1000,139.02,13.90,125.12,101.61,23.51
195,564,89,21,2025-10-25,8,7.46,0.0500,59.68,2.98,56.70,47.36,9.34
195,565,89,48,2025-10-25,3,98.28,0.0500,294.84,14.74,280.10,160.68,119.42
195,566,89,12,2025-10-25,10,181.74,0.0500,1817.40,90.87,1726.53,984.70,741.83
195,567,89,19,2025-10-25,4,47.87,0.0000,191.48,0.00,191.48,146.76,44.72
196,568,36,24,2025-10-21,3,123.67,0.0500,371.01,18.55,352.46,271.20,81.26
196,569,36,25,2025-10-21,10,63.61,0.0000,636.10,0.00,636.10,386.00,250.10
196,570,36,2,2025-10-21,1,95.98,0.1000,95.98,9.60,86.38,69.15,17.23
196,571,36,42,2025-10-21,10,65.41,0.1000,654.10,65.41,588.69,348.20,240.49
197,572,27,6,2025-10-24,8,39.45,0.0000,315.60,0.00,315.60,241.84,73.76
197,573,27,17,2025-10-24,3,55.59,0.0000,166.77,0.00,166.77,86.58,80.19
198,574,92,40,2025-10-25,7,100.37,0.1000,702.59,70.26,632.33,380.73,251.60
198,575,92,17,2025-10-25,3,55.59,0.0000,166.77,0.00,166.77,86.58,80.19
198,576,92,24,2025-10-25,3,123.67,0.1000,371.01,37.10,333.91,271.20,62.71
198,577,92,8,2025-10-25,1,97.01,0.1000,97.01,9.70,87.31,48.54,38.77
199,578,89,28,2025-10-23,8,42.75,0.1000,342.00,34.20,307.80,176.32,131.48
199,579,89,32,2025-10-23,2,45.24,0.0000,90.48,0.00,90.48,52.36,38.12
199,580,89,46,2025-10-23,4,46.34,0.0000,185.36,0.00,185.36,135.48,49.88
199,581,89,18,2025-10-23,5,121.61,0.1000,608.05,60.81,547.25,326.30,220.95
199,582,89,32,2025-10-23,7,45.24,0.0000,316.68,0.00,316.68,183.26,133.42
200,583,6,14,2025-10-25,10,57.59,0.0000,575.90,0.00,575.90,301.20,274.70
200,584,6,19,2025-10-25,4,47.87,0.0500,191.48,9.57,181.91,146.76,35.15
200,585,6,12,2025-10-25,7,181.74,0.0000,1272.18,0.00,1272.18,689.29,582.89
200,586,6,2,2025-10-25,5,95.98,0.0500,479.90,24.00,455.91,345.75,110.16
201,587,67,40,2025-10-22,8,100.37,0.0000,802.96,0.00,802.96,435.12,367.84
201,588,67,24,2025-10-22,10,123.67,0.1000,1236.70,123.67,1113.03,904.00,209.03
202,589,4,6,2025-10-21,1,39.45,0.0500,39.45,1.97,37.48,30.23,7.25
202,590,4,9,2025-10-21,6,89.98,0.1000,539.88,53.99,485.89,336.48,149.41
202,591,4,26,2025-10-21,4,147.88,0.1000,591.52,59.15,532.37,304.80,227.57
202,592,4,25,2025-10-21,7,63.61,0.1000,445.27,44.53,400.74,270.20,130.54
203,593,27,17,2025-10-22,2,55.59,0.0000,111.18,0.00,111.18,57.72,53.46
203,594,27,36,2025-10-22,1,119.52,0.0000,119.52,0.00,119.52,60.16,59.36
203,595,27,22,2025-10-22,4,12.60,0.0500,50.40,2.52,47.88,33.68,14.20
203,596,27,23,2025-10-22,10,56.53,0.1000,565.30,56.53,508.77,458.30,50.47
203,597,27,39,2025-10-22,1,28.49,0.0000,28.49,0.00,28.49,23.06,5.43
204,598,91,33,2025-10-22,10,39.51,0.0500,395.10,19.76,375.35,314.70,60.65
204,599,91,20,2025-10-22,7,123.79,0.1000,866.53,86.65,779.88,527.94,251.94
204,600,91,24,2025-10-22,3,123.67,0.1000,371.01,37.10,333.91,271.20,62.71
205,601,43,38,2025-10-25,3,100.72,0.0500,302.16,15.11,287.05,187.77,99.28
206,602,26,33,2025-10-24,8,39.51,0.0500,316.08,15.80,300.28,251.76,48.52
206,603,26,30,2025-10-24,3,165.77,0.0000,497.31,0.00,497.31,263.58,233.73
207,604,69,46,2025-10-25,9,46.34,0.0500,417.06,20.85,396.21,304.83,91.38
207,605,69,10,2025-10-25,5,168.80,0.0000,844.00,0.00,844.00,443.40,400.60
207,606,69,21,2025-10-25,1,7.46,0.0000,7.46,0.00,7.46,5.92,1.54
208,607,79,18,2025-10-21,6,121.61,0.0500,729.66,36.48,693.18,391.56,301.62
208,608,79,19,2025-10-21,5,47.87,0.1000,239.35,23.94,215.42,183.45,31.97
208,609,79,49,2025-10-21,5,55.32,0.1000,276.60,27.66,248.94,159.80,89.14
208,610,79,21,2025-10-21,7,7.46,0.0000,52.22,0.00,52.22,41.44,10.78
209,611,87,48,2025-10-26,8,98.28,0.0000,786.24,0.00,786.24,428.48,357.76
209,612,87,36,2025-10-26,8,119.52,0.0000,956.16,0.00,956.16,481.28,474.88
209,613,87,13,2025-10-26,3,112.51,0.0000,337.53,0.00,337.53,205.35,132.18
210,614,77,12,2025-10-25,1,181.74,0.0500,181.74,9.09,172.65,98.47,74.18
210,615,77,17,2025-10-25,3,55.59,0.1000,166.77,16.68,150.09,86.58,63.51
211,616,37,28,2025-10-26,2,42.75,0.0500,85.50,4.28,81.23,44.08,37.15
211,617,37,3,2025-10-26,8,47.57,0.0500,380.56,19.03,361.53,227.12,134.41
211,618,37,46,2025-10-26,9,46.34,0.0500,417.06,20.85,396.21,304.83,91.38
211,619,37,30,2025-10-26,8,165.77,0.0000,1326.16,0.00,1326.16,702.88,623.28
212,620,72,8,2025-10-23,6,97.01,0.0000,582.06,0.00,582.06,291.24,290.82
212,621,72,14,2025-10-23,5,57.59,0.0000,287.95,0.00,287.95,150.60,137.35
213,622,4,48,2025-10-24,9,98.28,0.0500,884.52,44.23,840.29,482.04,358.25
213,623,4,37,2025-10-24,10,91.07,0.0000,910.70,0.00,910.70,616.70,294.00
214,624,15,1,2025-10-21,9,17.01,0.1000,153.09,15.31,137.78,113.49,24.29
214,625,15,12,2025-10-21,7,181.74,0.0000,1272.18,0.00,1272.18,689.29,582.89
214,626,15,16,2025-10-21,8,132.35,0.1000,1058.80,105.88,952.92,562.48,390.44
214,627,15,7,2025-10-21,6,63.12,0.0000,378.72,0.00,378.72,210.24,168.48
214,628,15,19,2025-10-21,2,47.87,0.0500,95.74,4.79,90.95,73.38,17.57
215,629,14,38,2025-10-26,2,100.72,0.0500,201.44,10.07,191.37,125.18,66.19
215,630,14,10,2025-10-26,1,168.80,0.0000,168.80,0.00,168.80,88.68,80.12
215,631,14,30,2025-10-26,8,165.77,0.0500,1326.16,66.31,1259.85,702.88,556.97
216,632,95,39,2025-10-26,1,28.49,0.0500,28.49,1.42,27.07,23.06,4.01
216,633,95,3,2025-10-26,10,47.57,0.0500,475.70,23.79,451.92,283.90,168.02
216,634,95,21,2025-10-26,10,7.46,0.0000,74.60,0.00,74.60,59.20,15.40
217,635,73,4,2025-10-22,5,74.72,0.0500,373.60,18.68,354.92,224.15,130.77
217,636,73,4,2025-10-22,2,74.72,0.1000,149.44,14.94,134.50,89.66,44.84
218,637,66,25,2025-10-24,2,63.61,0.0500,127.22,6.36,120.86,77.20,43.66
218,638,66,17,2025-10-24,3,55.59,0.0000,166.77,0.00,166.77,86.58,80.19
218,639,66,50,2025-10-24,7,27.21,0.0000,190.47,0.00,190.47,97.09,93.38
218,640,66,2,2025-10-24,4,95.98,0.0000,383.92,0.00,383.92,276.60,107.32
218,641,66,25,2025-10-24,7,63.61,0.0500,445.27,22.26,423.01,270.20,152.81
219,642,32,8,2025-10-24,5,97.01,0.0500,485.05,24.25,460.80,242.70,218.10
219,643,32,28,2025-10-24,5,42.75,0.1000,213.75,21.38,192.38,110.20,82.18
220,644,96,9,2025-10-25,6,89.98,0.1000,539.88,53.99,485.89,336.48,149.41
220,645,96,7,2025-10-25,6,63.12,0.1000,378.72,37.87,340.85,210.24,130.61
220,646,96,13,2025-10-25,8,112.51,0.0500,900.08,45.00,855.08,547.60,307.48
220,647,96,25,2025-10-25,8,63.61,0.0500,508.88,25.44,483.44,308.80,174.64
220,648,96,37,2025-10-25,10,91.07,0.0500,910.70,45.54,865.17,616.70,248.47
221,649,90,49,2025-10-24,7,55.32,0.0500,387.24,19.36,367.88,223.72,144.16
222,650,37,12,2025-10-23,7,181.74,0.1000,1272.18,127.22,1144.96,689.29,455.67
222,651,37,28,2025-10-23,2,42.75,0.0000,85.50,0.00,85.50,44.08,41.42
222,652,37,33,2025-10-23,6,39.51,0.0500,237.06,11.85,225.21,188.82,36.39
222,653,37,44,2025-10-23,4,78.05,0.1000,312.20,31.22,280.98,230.68,50.30
222,654,37,44,2025-10-23,3,78.05,0.0500,234.15,11.71,222.44,173.01,49.43
223,655,59,41,2025-10-22,9,90.07,0.0000,810.63,0.00,810.63,413.73,396.90
223,656,59,19,2025-10-22,8,47.87,0.0500,382.96,19.15,363.81,293.52,70.29
223,657,59,6,2025-10-22,8,39.45,0.0500,315.60,15.78,299.82,241.84,57.98
223,658,59,10,2025-10-22,3,168.80,0.1000,506.40,50.64,455.76,266.04,189.72
223,659,59,20,2025-10-22,4,123.79,0.1000,495.16,49.52,445.64,301.68,143.96
224,660,36,19,2025-10-25,10,47.87,0.0000,478.70,0.00,478.70,366.90,111.80
224,661,36,36,2025-10-25,2,119.52,0.0000,239.04,0.00,239.04,120.32,118.72
224,662,36,33,2025-10-25,2,39.51,0.1000,79.02,7.90,71.12,62.94,8.18
224,663,36,28,2025-10-25,7,42.75,0.0000,299.25,0.00,299.25,154.28,144.97
225,664,93,43,2025-10-24,10,52.49,0.0500,524.90,26.25,498.66,343.80,154.86
225,665,93,23,2025-10-24,5,56.53,0.1000,282.65,28.27,254.39,229.15,25.24
225,666,93,6,2025-10-24,9,39.45,0.0000,355.05,0.00,355.05,272.07,82.98
225,667,93,8,2025-10-24,8,97.01,0.0000,776.08,0.00,776.08,388.32,387.76
226,668,88,26,2025-10-25,1,147.88,0.0000,147.88,0.00,147.88,76.20,71.68
226,669,88,27,2025-10-25,5,180.68,0.0500,903.40,45.17,858.23,488.70,369.53
227,670,12,47,2025-10-26,8,105.63,0.1000,845.04,84.50,760.54,537.60,222.94
227,671,12,29,2025-10-26,10,55.53,0.0500,555.30,27.77,527.54,303.50,224.04
227,672,12,22,2025-10-26,3,12.60,0.0000,37.80,0.00,37.80,25.26,12.54
227,673,12,12,2025-10-26,2,181.74,0.1000,363.48,36.35,327.13,196.94,130.19
227,674,12,39,2025-10-26,5,28.49,0.1000,142.45,14.25,128.21,115.30,12.91
228,675,2,28,2025-10-24,9,42.75,0.0000,384.75,0.00,384.75,198.36,186.39
229,676,28,26,2025-10-22,2,147.88,0.0000,295.76,0.00,295.76,152.40,143.36
230,677,83,42,2025-10-24,8,65.41,0.0500,523.28,26.16,497.12,278.56,218.56
230,678,83,45,2025-10-24,7,91.45,0.1000,640.15,64.02,576.14,444.29,131.85
231,679,25,47,2025-10-23,8,105.63,0.0500,845.04,42.25,802.79,537.60,265.19
231,680,25,40,2025-10-23,10,100.37,0.0500,1003.70,50.19,953.52,543.90,409.62
231,681,25,45,2025-10-23,7,91.45,0.0500,640.15,32.01,608.14,444.29,163.85
231,682,25,6,2025-10-23,3,39.45,0.0000,118.35,0.00,118.35,90.69,27.66
231,683,25,1,2025-10-23,4,17.01,0.0000,68.04,0.00,68.04,50.44,17.60
232,684,2,45,2025-10-23,4,91.45,0.0000,365.80,0.00,365.80,253.88,111.92
233,685,99,31,2025-10-23,3,129.50,0.1000,388.50,38.85,349.65,247.74,101.91
233,686,99,16,2025-10-23,7,132.35,0.1000,926.45,92.65,833.81,492.17,341.64
234,687,81,13,2025-10-23,2,112.51,0.0500,225.02,11.25,213.77,136.90,76.87
234,688,81,50,2025-10-23,8,27.21,0.0000,217.68,0.00,217.68,110.96,106.72
234,689,81,31,2025-10-23,7,129.50,0.0000,906.50,0.00,906.50,578.06,328.44
234,690,81,8,2025-10-23,3,97.01,0.0000,291.03,0.00,291.03,145.62,145.41
234,691,81,48,2025-10-23,8,98.28,0.0500,786.24,39.31,746.93,428.48,318.45
235,692,11,2,2025-10-25,8,95.98,0.1000,767.84,76.78,691.06,553.20,137.86
235,693,11,16,2025-10-25,4,132.35,0.0500,529.40,26.47,502.93,281.24,221.69
235,694,11,37,2025-10-25,7,91.07,0.0000,637.49,0.00,637.49,431.69,205.80
235,695,11,22,2025-10-25,1,12.60,0.0000,12.60,0.00,12.60,8.42,4.18
236,696,94,27,2025-10-22,8,180.68,0.1000,1445.44,144.54,1300.90,781.92,518.98
236,697,94,38,2025-10-22,10,100.72,0.1000,1007.20,100.72,906.48,625.90,280.58
236,698,94,36,2025-10-22,5,119.52,0.0000,597.60,0.00,597.60,300.80,296.80
236,699,94,32,2025-10-22,7,45.24,0.0500,316.68,15.83,300.85,183.26,117.59
237,700,95,38,2025-10-22,10,100.72,0.1000,1007.20,100.72,906.48,625.90,280.58
237,701,95,32,2025-10-22,4,45.24,0.1000,180.96,18.10,162.86,104.72,58.14
237,702,95,4,2025-10-22,9,74.72,0.0000,672.48,0.00,672.48,403.47,269.01
237,703,95,28,2025-10-22,10,42.75,0.0500,427.50,21.38,406.13,220.40,185.73
237,704,95,36,2025-10-22,2,119.52,0.0500,239.04,11.95,227.09,120.32,106.77
238,705,93,31,2025-10-23,2,129.50,0.0500,259.00,12.95,246.05,165.16,80.89
238,706,93,40,2025-10-23,6,100.37,0.0500,602.22,30.11,572.11,326.34,245.77
238,707,93,45,2025-10-23,7,91.45,0.0000,640.15,0.00,640.15,444.29,195.86
238,708,93,11,2025-10-23,5,37.31,0.1000,186.55,18.66,167.90,99.95,67.95
239,709,9,31,2025-10-23,6,129.50,0.0500,777.00,38.85,738.15,495.48,242.67
239,710,9,15,2025-10-23,9,51.99,0.0000,467.91,0.00,467.91,277.83,190.08
240,711,73,44,2025-10-25,6,78.05,0.1000,468.30,46.83,421.47,346.02,75.45
240,712,73,46,2025-10-25,8,46.34,0.0000,370.72,0.00,370.72,270.96,99.76
240,713,73,19,2025-10-25,7,47.87,0.0500,335.09,16.75,318.34,256.83,61.51
240,714,73,44,2025-10-25,6,78.05,0.0500,468.30,23.42,444.89,346.02,98.87
240,715,73,11,2025-10-25,10,37.31,0.0000,373.10,0.00,373.10,199.90,173.20
241,716,2,45,2025-10-24,2,91.45,0.1000,182.90,18.29,164.61,126.94,37.67
241,717,2,31,2025-10-24,3,129.50,0.0000,388.50,0.00,388.50,247.74,140.76
241,718,2,13,2025-10-24,3,112.51,0.1000,337.53,33.75,303.78,205.35,98.43
242,719,32,7,2025-10-23,7,63.12,0.0500,441.84,22.09,419.75,245.28,174.47
242,720,32,20,2025-10-23,4,123.79,0.0000,495.16,0.00,495.16,301.68,193.48
242,721,32,36,2025-10-23,1,119.52,0.0000,119.52,0.00,119.52,60.16,59.36
242,722,32,23,2025-10-23,5,56.53,0.0500,282.65,14.13,268.52,229.15,39.37
243,723,67,12,2025-10-25,9,181.74,0.0000,1635.66,0.00,1635.66,886.23,749.43
243,724,67,5,2025-10-25,6,127.88,0.0500,767.28,38.36,728.92,562.80,166.12
244,725,26,40,2025-10-23,4,100.37,0.0000,401.48,0.00,401.48,217.56,183.92
245,726,70,15,2025-10-26,8,51.99,0.0500,415.92,20.80,395.12,246.96,148.16
245,727,70,22,2025-10-26,6,12.60,0.0000,75.60,0.00,75.60,50.52,25.08
245,728,70,50,2025-10-26,9,27.21,0.0500,244.89,12.24,232.65,124.83,107.82
245,729,70,10,2025-10-26,9,168.80,0.1000,1519.20,151.92,1367.28,798.12,569.16
245,730,70,43,2025-10-26,2,52.49,0.1000,104.98,10.50,94.48,68.76,25.72
246,731,85,29,2025-10-26,8,55.53,0.0000,444.24,0.00,444.24,242.80,201.44
247,732,12,40,2025-10-24,10,100.37,0.0000,1003.70,0.00,1003.70,543.90,459.80
248,733,82,3,2025-10-21,9,47.57,0.0000,428.13,0.00,428.13,255.51,172.62
248,734,82,11,2025-10-21,2,37.31,0.0000,74.62,0.00,74.62,39.98,34.64
248,735,82,24,2025-10-21,3,123.67,0.1000,371.01,37.10,333.91,271.20,62.71
248,736,82,19,2025-10-21,8,47.87,0.1000,382.96,38.30,344.66,293.52,51.14
248,737,82,32,2025-10-21,2,45.24,0.0000,90.48,0.00,90.48,52.36,38.12
249,738,41,22,2025-10-24,3,12.60,0.0000,37.80,0.00,37.80,25.26,12.54
249,739,41,13,2025-10-24,8,112.51,0.0500,900.08,45.00,855.08,547.60,307.48
249,740,41,50,2025-10-24,1,27.21,0.0000,27.21,0.00,27.21,13.87,13.34
250,741,75,22,2025-10-21,5,12.60,0.1000,63.00,6.30,56.70,42.10,14.60
250,742,75,11,2025-10-21,2,37.31,0.0500,74.62,3.73,70.89,39.98,30.91
250,743,75,24,2025-10-21,7,123.67,0.0500,865.69,43.28,822.41,632.80,189.61
250,744,75,41,2025-10-21,4,90.07,0.0000,360.28,0.00,360.28,183.88,176.40
251,745,99,27,2025-10-23,4,180.68,0.0000,722.72,0.00,722.72,390.96,331.76
251,746,99,28,2025-10-23,7,42.75,0.0500,299.25,14.96,284.29,154.28,130.01
251,747,99,30,2025-10-23,9,165.77,0.1000,1491.93,149.19,1342.74,790.74,552.00
251,748,99,24,2025-10-23,1,123.67,0.0500,123.67,6.18,117.49,90.40,27.09
251,749,99,10,2025-10-23,1,168.80,0.1000,168.80,16.88,151.92,88.68,63.24
252,750,42,5,2025-10-22,2,127.88,0.0500,255.76,12.79,242.97,187.60,55.37
252,751,42,21,2025-10-22,7,7.46,0.0000,52.22,0.00,52.22,41.44,10.78
252,752,42,28,2025-10-22,1,42.75,0.0500,42.75,2.14,40.61,22.04,18.57
252,753,42,49,2025-10-22,1,55.32,0.1000,55.32,5.53,49.79,31.96,17.83
252,754,42,42,2025-10-22,3,65.41,0.1000,196.23,19.62,176.61,104.46,72.15
253,755,52,41,2025-10-23,9,90.07,0.0500,810.63,40.53,770.10,413.73,356.37
254,756,100,26,2025-10-22,9,147.88,0.0500,1330.92,66.55,1264.37,685.80,578.57
254,757,100,47,2025-10-22,6,105.63,0.0500,633.78,31.69,602.09,403.20,198.89
254,758,100,1,2025-10-22,5,17.01,0.1000,85.05,8.51,76.55,63.05,13.50
254,759,100,40,2025-10-22,3,100.37,0.1000,301.11,30.11,271.00,163.17,107.83
255,760,9,29,2025-10-26,4,55.53,0.1000,222.12,22.21,199.91,121.40,78.51
255,761,9,40,2025-10-26,10,100.37,0.1000,1003.70,100.37,903.33,543.90,359.43
255,762,9,29,2025-10-26,6,55.53,0.1000,333.18,33.32,299.86,182.10,117.76
255,763,9,26,2025-10-26,4,147.88,0.0500,591.52,29.58,561.94,304.80,257.14
256,764,74,3,2025-10-23,9,47.57,0.0500,428.13,21.41,406.72,255.51,151.21
257,765,24,47,2025-10-24,3,105.63,0.1000,316.89,31.69,285.20,201.60,83.60
257,766,24,35,2025-10-24,5,121.77,0.0000,608.85,0.00,608.85,471.15,137.70
257,767,24,6,2025-10-24,9,39.45,0.1000,355.05,35.51,319.55,272.07,47.48
257,768,24,20,2025-10-24,9,123.79,0.0500,1114.11,55.71,1058.40,678.78,379.62
258,769,62,2,2025-10-21,1,95.98,0.1000,95.98,9.60,86.38,69.15,17.23
258,770,62,38,2025-10-21,5,100.72,0.0000,503.60,0.00,503.60,312.95,190.65
259,771,49,47,2025-10-25,7,105.63,0.1000,739.41,73.94,665.47,470.40,195.07
259,772,49,8,2025-10-25,1,97.01,0.0500,97.01,4.85,92.16,48.54,43.62
259,773,49,17,2025-10-25,9,55.59,0.0500,500.31,25.02,475.29,259.74,215.55
260,774,29,4,2025-10-24,2,74.72,0.0500,149.44,7.47,141.97,89.66,52.31
261,775,85,37,2025-10-24,1,91.07,0.0500,91.07,4.55,86.52,61.67,24.85
261,776,85,22,2025-10-24,4,12.60,0.1000,50.40,5.04,45.36,33.68,11.68
261,777,85,38,2025-10-24,10,100.72,0.1000,1007.20,100.72,906.48,625.90,280.58
262,778,95,39,2025-10-23,4,28.49,0.0500,113.96,5.70,108.26,92.24,16.02
262,779,95,20,2025-10-23,5,123.79,0.1000,618.95,61.90,557.06,377.10,179.96
262,780,95,46,2025-10-23,10,46.34,0.1000,463.40,46.34,417.06,338.70,78.36
262,781,95,9,2025-10-23,7,89.98,0.1000,629.86,62.99,566.87,392.56,174.31
262,782,95,48,2025-10-23,4,98.28,0.0000,393.12,0.00,393.12,214.24,178.88
263,783,63,34,2025-10-21,10,100.21,0.0000,1002.10,0.00,1002.10,659.40,342.70
263,784,63,50,2025-10-21,6,27.21,0.0500,163.26,8.16,155.10,83.22,71.88
263,785,63,7,2025-10-21,3,63.12,0.1000,189.36,18.94,170.42,105.12,65.30
264,786,26,27,2025-10-22,2,180.68,0.0000,361.36,0.00,361.36,195.48,165.88
264,787,26,4,2025-10-22,7,74.72,0.0000,523.04,0.00,523.04,313.81,209.23
264,788,26,31,2025-10-22,4,129.50,0.0500,518.00,25.90,492.10,330.32,161.78
264,789,26,5,2025-10-22,6,127.88,0.1000,767.28,76.73,690.55,562.80,127.75
265,790,47,26,2025-10-24,10,147.88,0.1000,1478.80,147.88,1330.92,762.00,568.92
265,791,47,34,2025-10-24,7,100.21,0.0500,701.47,35.07,666.40,461.58,204.82
265,792,47,38,2025-10-24,8,100.72,0.1000,805.76,80.58,725.18,500.72,224.46
265,793,47,28,2025-10-24,8,42.75,0.1000,342.00,34.20,307.80,176.32,131.48
265,794,47,32,2025-10-24,7,45.24,0.0000,316.68,0.00,316.68,183.26,133.42
266,795,56,33,2025-10-23,3,39.51,0.0500,118.53,5.93,112.60,94.41,18.19
266,796,56,46,2025-10-23,8,46.34,0.0000,370.72,0.00,370.72,270.96,99.76
267,801,89,27,2025-10-25,2,180.68,0.0000,361.36,0.00,361.36,195.48,165.88
267,797,89,34,2025-10-25,2,100.21,0.1000,200.42,20.04,180.38,131.88,48.50
267,798,89,14,2025-10-25,8,57.59,0.0500,460.72,23.04,437.68,240.96,196.72
267,799,89,3,2025-10-25,3,47.57,0.1000,142.71,14.27,128.44,85.17,43.27
267,800,89,24,2025-10-25,2,123.67,0.1000,247.34,24.73,222.61,180.80,41.81
268,802,73,37,2025-10-26,5,91.07,0.0000,455.35,0.00,455.35,308.35,147.00
268,803,73,34,2025-10-26,3,100.21,0.0000,300.63,0.00,300.63,197.82,102.81
268,804,73,24,2025-10-26,5,123.67,0.0500,618.35,30.92,587.43,452.00,135.43
269,805,12,19,2025-10-24,8,47.87,0.0000,382.96,0.00,382.96,293.52,89.44
269,806,12,10,2025-10-24,3,168.80,0.1000,506.40,50.64,455.76,266.04,189.72
269,807,12,27,2025-10-24,1,180.68,0.0500,180.68,9.03,171.65,97.74,73.91
270,808,93,14,2025-10-25,3,57.59,0.1000,172.77,17.28,155.49,90.36,65.13
270,809,93,32,2025-10-25,1,45.24,0.0000,45.24,0.00,45.24,26.18,19.06
270,810,93,36,2025-10-25,6,119.52,0.0000,717.12,0.00,717.12,360.96,356.16
271,811,13,27,2025-10-24,8,180.68,0.1000,1445.44,144.54,1300.90,781.92,518.98
272,812,34,37,2025-10-26,8,91.07,0.0500,728.56,36.43,692.13,493.36,198.77
272,813,34,25,2025-10-26,8,63.61,0.1000,508.88,50.89,457.99,308.80,149.19
272,814,34,39,2025-10-26,3,28.49,0.0000,85.47,0.00,85.47,69.18,16.29
273,815,79,41,2025-10-21,8,90.07,0.0500,720.56,36.03,684.53,367.76,316.77
273,816,79,43,2025-10-21,8,52.49,0.0000,419.92,0.00,419.92,275.04,144.88
273,817,79,47,2025-10-21,6,105.63,0.0000,633.78,0.00,633.78,403.20,230.58
273,818,79,40,2025-10-21,10,100.37,0.0500,1003.70,50.19,953.52,543.90,409.62
273,819,79,25,2025-10-21,4,63.61,0.0500,254.44,12.72,241.72,154.40,87.32
274,820,25,35,2025-10-22,1,121.77,0.1000,121.77,12.18,109.59,94.23,15.36
274,821,25,29,2025-10-22,5,55.53,0.1000,277.65,27.77,249.89,151.75,98.14
274,822,25,6,2025-10-22,3,39.45,0.1000,118.35,11.84,106.52,90.69,15.83
275,823,71,37,2025-10-23,5,91.07,0.1000,455.35,45.54,409.82,308.35,101.47
276,824,4,42,2025-10-24,9,65.41,0.0000,588.69,0.00,588.69,313.38,275.31
277,825,85,40,2025-10-22,9,100.37,0.1000,903.33,90.33,813.00,489.51,323.49
277,826,85,49,2025-10-22,1,55.32,0.1000,55.32,5.53,49.79,31.96,17.83
278,827,57,13,2025-10-23,8,112.51,0.1000,900.08,90.01,810.07,547.60,262.47
278,828,57,2,2025-10-23,2,95.98,0.1000,191.96,19.20,172.76,138.30,34.46
278,829,57,35,2025-10-23,3,121.77,0.0000,365.31,0.00,365.31,282.69,82.62
278,830,57,18,2025-10-23,4,121.61,0.0000,486.44,0.00,486.44,261.04,225.40
278,831,57,46,2025-10-23,10,46.34,0.0500,463.40,23.17,440.23,338.70,101.53
279,832,53,35,2025-10-24,10,121.77,0.0500,1217.70,60.89,1156.82,942.30,214.52
280,833,11,38,2025-10-25,1,100.72,0.0500,100.72,5.04,95.68,62.59,33.09
280,834,11,2,2025-10-25,6,95.98,0.0500,575.88,28.79,547.09,414.90,132.19
280,835,11,12,2025-10-25,7,181.74,0.0000,1272.18,0.00,1272.18,689.29,582.89
280,836,11,34,2025-10-25,6,100.21,0.0500,601.26,30.06,571.20,395.64,175.56
281,837,25,6,2025-10-24,2,39.45,0.0000,78.90,0.00,78.90,60.46,18.44
281,838,25,35,2025-10-24,3,121.77,0.0500,365.31,18.27,347.04,282.69,64.35
281,839,25,10,2025-10-24,3,168.80,0.0500,506.40,25.32,481.08,266.04,215.04
282,840,94,10,2025-10-22,5,168.80,0.0500,844.00,42.20,801.80,443.40,358.40
283,841,80,4,2025-10-21,10,74.72,0.0500,747.20,37.36,709.84,448.30,261.54
283,842,80,12,2025-10-21,1,181.74,0.1000,181.74,18.17,163.57,98.47,65.10
284,843,13,20,2025-10-25,7,123.79,0.0000,866.53,0.00,866.53,527.94,338.59
285,844,61,10,2025-10-25,7,168.80,0.0500,1181.60,59.08,1122.52,620.76,501.76
285,845,61,17,2025-10-25,7,55.59,0.0000,389.13,0.00,389.13,202.02,187.11
285,846,61,4,2025-10-25,4,74.72,0.0000,298.88,0.00,298.88,179.32,119.56
286,847,61,38,2025-10-26,4,100.72,0.0500,402.88,20.14,382.74,250.36,132.38
286,848,61,33,2025-10-26,9,39.51,0.0500,355.59,17.78,337.81,283.23,54.58
286,849,61,8,2025-10-26,5,97.01,0.0000,485.05,0.00,485.05,242.70,242.35
286,850,61,21,2025-10-26,8,7.46,0.1000,59.68,5.97,53.71,47.36,6.35
286,851,61,27,2025-10-26,2,180.68,0.0500,361.36,18.07,343.29,195.48,147.81
287,852,30,27,2025-10-22,4,180.68,0.0000,722.72,0.00,722.72,390.96,331.76
288,853,53,36,2025-10-25,10,119.52,0.1000,1195.20,119.52,1075.68,601.60,474.08
288,854,53,7,2025-10-25,4,63.12,0.1000,252.48,25.25,227.23,140.16,87.07
288,855,53,42,2025-10-25,3,65.41,0.0500,196.23,9.81,186.42,104.46,81.96
289,856,68,27,2025-10-22,8,180.68,0.0000,1445.44,0.00,1445.44,781.92,663.52
289,857,68,41,2025-10-22,9,90.07,0.0000,810.63,0.00,810.63,413.73,396.90
289,858,68,10,2025-10-22,6,168.80,0.1000,1012.80,101.28,911.52,532.08,379.44
289,859,68,11,2025-10-22,4,37.31,0.1000,149.24,14.92,134.32,79.96,54.36
289,860,68,28,2025-10-22,9,42.75,0.0500,384.75,19.24,365.51,198.36,167.15
290,861,91,1,2025-10-23,8,17.01,0.1000,136.08,13.61,122.47,100.88,21.59
291,862,77,42,2025-10-24,3,65.41,0.0000,196.23,0.00,196.23,104.46,91.77
291,863,77,4,2025-10-24,8,74.72,0.0500,597.76,29.89,567.87,358.64,209.23
291,864,77,39,2025-10-24,5,28.49,0.1000,142.45,14.25,128.21,115.30,12.91
292,865,50,23,2025-10-21,4,56.53,0.1000,226.12,22.61,203.51,183.32,20.19
292,866,50,33,2025-10-21,5,39.51,0.0000,197.55,0.00,197.55,157.35,40.20
292,867,50,11,2025-10-21,9,37.31,0.1000,335.79,33.58,302.21,179.91,122.30
292,868,50,5,2025-10-21,5,127.88,0.0000,639.40,0.00,639.40,469.00,170.40
293,869,100,45,2025-10-24,2,91.45,0.0000,182.90,0.00,182.90,126.94,55.96
293,870,100,47,2025-10-24,9,105.63,0.0500,950.67,47.53,903.14,604.80,298.34
293,871,100,28,2025-10-24,4,42.75,0.1000,171.00,17.10,153.90,88.16,65.74
293,872,100,33,2025-10-24,6,39.51,0.1000,237.06,23.71,213.35,188.82,24.53
294,873,91,41,2025-10-23,5,90.07,0.1000,450.35,45.04,405.32,229.85,175.47
294,874,91,29,2025-10-23,5,55.53,0.0000,277.65,0.00,277.65,151.75,125.90
294,875,91,43,2025-10-23,6,52.49,0.0500,314.94,15.75,299.19,206.28,92.91
295,876,51,30,2025-10-22,10,165.77,0.0500,1657.70,82.89,1574.82,878.60,696.22
295,877,51,2,2025-10-22,3,95.98,0.1000,287.94,28.79,259.15,207.45,51.70
296,878,36,39,2025-10-22,8,28.49,0.0000,227.92,0.00,227.92,184.48,43.44
297,879,77,44,2025-10-22,3,78.05,0.0500,234.15,11.71,222.44,173.01,49.43
298,880,52,45,2025-10-24,8,91.45,0.0500,731.60,36.58,695.02,507.76,187.26
298,881,52,35,2025-10-24,2,121.77,0.1000,243.54,24.35,219.19,188.46,30.73
298,882,52,42,2025-10-24,2,65.41,0.1000,130.82,13.08,117.74,69.64,48.10
298,883,52,2,2025-10-24,8,95.98,0.1000,767.84,76.78,691.06,553.20,137.86
298,884,52,8,2025-10-24,6,97.01,0.0500,582.06,29.10,552.96,291.24,261.72
299,885,86,23,2025-10-22,7,56.53,0.0000,395.71,0.00,395.71,320.81,74.90
299,886,86,50,2025-10-22,1,27.21,0.0000,27.21,0.00,27.21,13.87,13.34
299,887,86,30,2025-10-22,6,165.77,0.0000,994.62,0.00,994.62,527.16,467.46
299,888,86,29,2025-10-22,1,55.53,0.0000,55.53,0.00,55.53,30.35,25.18
299,889,86,48,2025-10-22,1,98.28,0.0500,98.28,4.91,93.37,53.56,39.81
300,890,93,13,2025-10-25,2,112.51,0.1000,225.02,22.50,202.52,136.90,65.62
300,891,93,41,2025-10-25,5,90.07,0.1000,450.35,45.04,405.32,229.85,175.47
300,892,93,15,2025-10-25,4,51.99,0.0500,207.96,10.40,197.56,123.48,74.08
301,893,43,3,2025-10-22,5,47.57,0.0500,237.85,11.89,225.96,141.95,84.01
301,894,43,46,2025-10-22,10,46.34,0.0000,463.40,0.00,463.40,338.70,124.70
301,895,43,1,2025-10-22,4,17.01,0.1000,68.04,6.80,61.24,50.44,10.80
302,896,10,8,2025-10-24,5,97.01,0.1000,485.05,48.51,436.55,242.70,193.85
302,897,10,33,2025-10-24,8,39.51,0.0000,316.08,0.00,316.08,251.76,64.32
302,898,10,36,2025-10-24,4,119.52,0.1000,478.08,47.81,430.27,240.64,189.63
302,899,10,48,2025-10-24,10,98.28,0.1000,982.80,98.28,884.52,535.60,348.92
303,900,20,37,2025-10-25,3,91.07,0.0000,273.21,0.00,273.21,185.01,88.20
303,901,20,38,2025-10-25,3,100.72,0.1000,302.16,30.22,271.94,187.77,84.17
303,902,20,5,2025-10-25,3,127.88,0.0500,383.64,19.18,364.46,281.40,83.06
303,903,20,37,2025-10-25,4,91.07,0.1000,364.28,36.43,327.85,246.68,81.17
303,904,20,47,2025-10-25,5,105.63,0.0000,528.15,0.00,528.15,336.00,192.15
304,905,23,45,2025-10-23,9,91.45,0.1000,823.05,82.31,740.75,571.23,169.52
305,906,98,44,2025-10-24,9,78.05,0.0500,702.45,35.12,667.33,519.03,148.30
305,907,98,1,2025-10-24,7,17.01,0.1000,119.07,11.91,107.16,88.27,18.89
305,908,98,44,2025-10-24,1,78.05,0.0500,78.05,3.90,74.15,57.67,16.48
306,909,26,27,2025-10-25,5,180.68,0.0000,903.40,0.00,903.40,488.70,414.70
306,910,26,44,2025-10-25,9,78.05,0.0500,702.45,35.12,667.33,519.03,148.30
306,911,26,32,2025-10-25,6,45.24,0.1000,271.44,27.14,244.30,157.08,87.22
306,912,26,49,2025-10-25,1,55.32,0.1000,55.32,5.53,49.79,31.96,17.83
307,913,45,4,2025-10-23,5,74.72,0.0500,373.60,18.68,354.92,224.15,130.77
307,914,45,35,2025-10-23,8,121.77,0.0500,974.16,48.71,925.45,753.84,171.61
308,915,59,26,2025-10-23,4,147.88,0.0500,591.52,29.58,561.94,304.80,257.14
309,916,52,37,2025-10-24,1,91.07,0.1000,91.07,9.11,81.96,61.67,20.29
310,917,84,45,2025-10-24,7,91.45,0.0000,640.15,0.00,640.15,444.29,195.86
310,918,84,16,2025-10-24,4,132.35,0.0000,529.40,0.00,529.40,281.24,248.16
311,919,15,20,2025-10-22,2,123.79,0.1000,247.58,24.76,222.82,150.84,71.98
311,920,15,41,2025-10-22,2,90.07,0.0000,180.14,0.00,180.14,91.94,88.20
311,921,15,31,2025-10-22,7,129.50,0.0000,906.50,0.00,906.50,578.06,328.44
312,922,85,41,2025-10-24,6,90.07,0.0500,540.42,27.02,513.40,275.82,237.58
312,923,85,16,2025-10-24,2,132.35,0.0500,264.70,13.24,251.47,140.62,110.85
312,924,85,16,2025-10-24,6,132.35,0.0000,794.10,0.00,794.10,421.86,372.24
312,925,85,22,2025-10-24,9,12.60,0.0000,113.40,0.00,113.40,75.78,37.62
312,926,85,5,2025-10-24,10,127.88,0.1000,1278.80,127.88,1150.92,938.00,212.92
313,927,14,49,2025-10-24,2,55.32,0.1000,110.64,11.06,99.58,63.92,35.66
313,928,14,29,2025-10-24,10,55.53,0.0000,555.30,0.00,555.30,303.50,251.80
313,929,14,6,2025-10-24,1,39.45,0.0000,39.45,0.00,39.45,30.23,9.22
313,930,14,25,2025-10-24,6,63.61,0.1000,381.66,38.17,343.49,231.60,111.89
314,931,64,9,2025-10-22,1,89.98,0.0500,89.98,4.50,85.48,56.08,29.40
315,932,20,20,2025-10-23,10,123.79,0.1000,1237.90,123.79,1114.11,754.20,359.91
316,933,7,5,2025-10-22,2,127.88,0.1000,255.76,25.58,230.18,187.60,42.58
316,934,7,4,2025-10-22,9,74.72,0.0000,672.48,0.00,672.48,403.47,269.01
316,935,7,19,2025-10-22,7,47.87,0.0500,335.09,16.75,318.34,256.83,61.51
316,936,7,7,2025-10-22,10,63.12,0.0500,631.20,31.56,599.64,350.40,249.24
317,937,98,39,2025-10-25,10,28.49,0.0000,284.90,0.00,284.90,230.60,54.30
317,938,98,30,2025-10-25,7,165.77,0.0500,1160.39,58.02,1102.37,615.02,487.35
318,939,12,40,2025-10-24,10,100.37,0.0000,1003.70,0.00,1003.70,543.90,459.80
318,940,12,22,2025-10-24,1,12.60,0.0500,12.60,0.63,11.97,8.42,3.55
318,941,12,34,2025-10-24,6,100.21,0.1000,601.26,60.13,541.13,395.64,145.49
318,942,12,13,2025-10-24,2,112.51,0.0000,225.02,0.00,225.02,136.90,88.12
319,943,62,39,2025-10-25,2,28.49,0.1000,56.98,5.70,51.28,46.12,5.16
320,944,73,37,2025-10-22,3,91.07,0.1000,273.21,27.32,245.89,185.01,60.88
320,945,73,33,2025-10-22,5,39.51,0.0500,197.55,9.88,187.67,157.35,30.32
321,946,53,31,2025-10-21,10,129.50,0.0500,1295.00,64.75,1230.25,825.80,404.45
321,947,53,12,2025-10-21,4,181.74,0.0000,726.96,0.00,726.96,393.88,333.08
321,948,53,3,2025-10-21,1,47.57,0.0000,47.57,0.00,47.57,28.39,19.18
321,949,53,20,2025-10-21,10,123.79,0.0500,1237.90,61.90,1176.01,754.20,421.81
322,950,86,42,2025-10-23,6,65.41,0.0500,392.46,19.62,372.84,208.92,163.92
322,951,86,38,2025-10-23,9,100.72,0.0000,906.48,0.00,906.48,563.31,343.17
322,952,86,10,2025-10-23,8,168.80,0.0500,1350.40,67.52,1282.88,709.44,573.44
322,953,86,39,2025-10-23,6,28.49,0.0500,170.94,8.55,162.39,138.36,24.03
322,954,86,24,2025-10-23,1,123.67,0.1000,123.67,12.37,111.30,90.40,20.90
323,955,83,43,2025-10-26,3,52.49,0.0000,157.47,0.00,157.47,103.14,54.33
323,956,83,16,2025-10-26,9,132.35,0.1000,1191.15,119.12,1072.04,632.79,439.25
323,957,83,4,2025-10-26,7,74.72,0.0500,523.04,26.15,496.89,313.81,183.08
323,958,83,13,2025-10-26,4,112.51,0.1000,450.04,45.00,405.04,273.80,131.24
323,959,83,13,2025-10-26,2,112.51,0.0500,225.02,11.25,213.77,136.90,76.87
324,960,22,43,2025-10-26,8,52.49,0.1000,419.92,41.99,377.93,275.04,102.89
324,961,22,45,2025-10-26,8,91.45,0.1000,731.60,73.16,658.44,507.76,150.68
325,962,49,38,2025-10-23,10,100.72,0.0500,1007.20,50.36,956.84,625.90,330.94
325,963,49,40,2025-10-23,5,100.37,0.0500,501.85,25.09,476.76,271.95,204.81
325,964,49,22,2025-10-23,3,12.60,0.0000,37.80,0.00,37.80,25.26,12.54
326,965,16,3,2025-10-23,8,47.57,0.0000,380.56,0.00,380.56,227.12,153.44
326,966,16,1,2025-10-23,4,17.01,0.1000,68.04,6.80,61.24,50.44,10.80
326,967,16,15,2025-10-23,8,51.99,0.1000,415.92,41.59,374.33,246.96,127.37
326,968,16,14,2025-10-23,4,57.59,0.0500,230.36,11.52,218.84,120.48,98.36
327,969,78,48,2025-10-26,7,98.28,0.0000,687.96,0.00,687.96,374.92,313.04
327,970,78,26,2025-10-26,3,147.88,0.0000,443.64,0.00,443.64,228.60,215.04
327,971,78,24,2025-10-26,1,123.67,0.0000,123.67,0.00,123.67,90.40,33.27
328,972,29,2,2025-10-24,9,95.98,0.0000,863.82,0.00,863.82,622.35,241.47
328,973,29,10,2025-10-24,5,168.80,0.0500,844.00,42.20,801.80,443.40,358.40
328,974,29,13,2025-10-24,10,112.51,0.0500,1125.10,56.26,1068.85,684.50,384.35
329,975,29,2,2025-10-23,4,95.98,0.0000,383.92,0.00,383.92,276.60,107.32
330,976,92,12,2025-10-26,4,181.74,0.0500,726.96,36.35,690.61,393.88,296.73
330,977,92,47,2025-10-26,3,105.63,0.0500,316.89,15.84,301.05,201.60,99.45
330,978,92,36,2025-10-26,4,119.52,0.0000,478.08,0.00,478.08,240.64,237.44
331,979,25,2,2025-10-21,3,95.98,0.0500,287.94,14.40,273.54,207.45,66.09
331,980,25,7,2025-10-21,1,63.12,0.1000,63.12,6.31,56.81,35.04,21.77
332,981,1,25,2025-10-23,2,63.61,0.0500,127.22,6.36,120.86,77.20,43.66
332,982,1,14,2025-10-23,5,57.59,0.0500,287.95,14.40,273.55,150.60,122.95
333,983,17,24,2025-10-25,6,123.67,0.1000,742.02,74.20,667.82,542.40,125.42
333,984,17,11,2025-10-25,9,37.31,0.1000,335.79,33.58,302.21,179.91,122.30
334,985,44,46,2025-10-23,2,46.34,0.0000,92.68,0.00,92.68,67.74,24.94
334,986,44,10,2025-10-23,3,168.80,0.0000,506.40,0.00,506.40,266.04,240.36
334,987,44,13,2025-10-23,9,112.51,0.0500,1012.59,50.63,961.96,616.05,345.91
334,988,44,45,2025-10-23,6,91.45,0.0500,548.70,27.44,521.27,380.82,140.45
335,989,26,28,2025-10-25,4,42.75,0.0000,171.00,0.00,171.00,88.16,82.84
335,990,26,49,2025-10-25,10,55.32,0.1000,553.20,55.32,497.88,319.60,178.28
335,991,26,13,2025-10-25,9,112.51,0.0500,1012.59,50.63,961.96,616.05,345.91
335,992,26,10,2025-10-25,6,168.80,0.0000,1012.80,0.00,1012.80,532.08,480.72
335,993,26,4,2025-10-25,5,74.72,0.0000,373.60,0.00,373.60,224.15,149.45
336,994,42,38,2025-10-24,8,100.72,0.0000,805.76,0.00,805.76,500.72,305.04
336,995,42,47,2025-10-24,2,105.63,0.0500,211.26,10.56,200.70,134.40,66.30
336,996,42,43,2025-10-24,10,52.49,0.0000,524.90,0.00,524.90,343.80,181.10
336,997,42,11,2025-10-24,9,37.31,0.0500,335.79,16.79,319.00,179.91,139.09
336,998,42,49,2025-10-24,9,55.32,0.0500,497.88,24.89,472.99,287.64,185.35
337,999,67,34,2025-10-25,8,100.21,0.0000,801.68,0.00,801.68,527.52,274.16
337,1000,67,21,2025-10-25,6,7.46,0.1000,44.76,4.48,40.28,35.52,4.76
337,1001,67,45,2025-10-25,8,91.45,0.1000,731.60,73.16,658.44,507.76,150.68
337,1002,67,32,2025-10-25,8,45.24,0.0500,361.92,18.10,343.82,209.44,134.38
338,1003,19,26,2025-10-24,10,147.88,0.1000,1478.80,147.88,1330.92,762.00,568.92
338,1004,19,3,2025-10-24,4,47.57,0.0000,190.28,0.00,190.28,113.56,76.72
338,1005,19,13,2025-10-24,8,112.51,0.0000,900.08,0.00,900.08,547.60,352.48
338,1006,19,26,2025-10-24,4,147.88,0.0500,591.52,29.58,561.94,304.80,257.14
338,1007,19,28,2025-10-24,7,42.75,0.1000,299.25,29.93,269.33,154.28,115.05
339,1008,95,24,2025-10-22,5,123.67,0.1000,618.35,61.84,556.52,452.00,104.52
339,1009,95,6,2025-10-22,3,39.45,0.0000,118.35,0.00,118.35,90.69,27.66
340,1010,50,29,2025-10-24,9,55.53,0.0500,499.77,24.99,474.78,273.15,201.63
340,1011,50,15,2025-10-24,10,51.99,0.0000,519.90,0.00,519.90,308.70,211.20
340,1012,50,30,2025-10-24,9,165.77,0.1000,1491.93,149.19,1342.74,790.74,552.00
341,1013,57,28,2025-10-24,8,42.75,0.0500,342.00,17.10,324.90,176.32,148.58
341,1014,57,28,2025-10-24,7,42.75,0.0500,299.25,14.96,284.29,154.28,130.01
341,1015,57,32,2025-10-24,6,45.24,0.0500,271.44,13.57,257.87,157.08,100.79
342,1019,88,19,2025-10-24,9,47.87,0.1000,430.83,43.08,387.75,330.21,57.54
342,1016,88,2,2025-10-24,3,95.98,0.0500,287.94,14.40,273.54,207.45,66.09
342,1017,88,15,2025-10-24,5,51.99,0.1000,259.95,26.00,233.96,154.35,79.61
342,1018,88,5,2025-10-24,6,127.88,0.0000,767.28,0.00,767.28,562.80,204.48
343,1020,21,42,2025-10-23,2,65.41,0.0500,130.82,6.54,124.28,69.64,54.64
343,1021,21,15,2025-10-23,2,51.99,0.0000,103.98,0.00,103.98,61.74,42.24
343,1022,21,5,2025-10-23,6,127.88,0.0000,767.28,0.00,767.28,562.80,204.48
343,1023,21,35,2025-10-23,4,121.77,0.0500,487.08,24.35,462.73,376.92,85.81
343,1024,21,13,2025-10-23,6,112.51,0.0500,675.06,33.75,641.31,410.70,230.61
344,1025,77,48,2025-10-23,5,98.28,0.0000,491.40,0.00,491.40,267.80,223.60
344,1026,77,46,2025-10-23,10,46.34,0.0000,463.40,0.00,463.40,338.70,124.70
344,1027,77,49,2025-10-23,9,55.32,0.0500,497.88,24.89,472.99,287.64,185.35
345,1028,91,50,2025-10-24,5,27.21,0.0500,136.05,6.80,129.25,69.35,59.90
346,1029,52,26,2025-10-26,7,147.88,0.1000,1035.16,103.52,931.64,533.40,398.24
346,1030,52,49,2025-10-26,1,55.32,0.0500,55.32,2.77,52.55,31.96,20.59
346,1031,52,42,2025-10-26,9,65.41,0.0000,588.69,0.00,588.69,313.38,275.31
347,1032,72,15,2025-10-24,4,51.99,0.1000,207.96,20.80,187.16,123.48,63.68
347,1033,72,48,2025-10-24,4,98.28,0.0500,393.12,19.66,373.46,214.24,159.22
347,1034,72,15,2025-10-24,9,51.99,0.1000,467.91,46.79,421.12,277.83,143.29
347,1035,72,36,2025-10-24,8,119.52,0.1000,956.16,95.62,860.54,481.28,379.26
348,1036,70,22,2025-10-23,2,12.60,0.0500,25.20,1.26,23.94,16.84,7.10
348,1037,70,13,2025-10-23,7,112.51,0.1000,787.57,78.76,708.81,479.15,229.66
348,1038,70,27,2025-10-23,4,180.68,0.0500,722.72,36.14,686.58,390.96,295.62
348,1039,70,29,2025-10-23,9,55.53,0.0000,499.77,0.00,499.77,273.15,226.62
349,1040,11,9,2025-10-24,10,89.98,0.0000,899.80,0.00,899.80,560.80,339.00
349,1041,11,20,2025-10-24,1,123.79,0.0500,123.79,6.19,117.60,75.42,42.18
349,1042,11,43,2025-10-24,6,52.49,0.0500,314.94,15.75,299.19,206.28,92.91
350,1043,90,27,2025-10-23,7,180.68,0.1000,1264.76,126.48,1138.28,684.18,454.10
350,1044,90,49,2025-10-23,7,55.32,0.1000,387.24,38.72,348.52,223.72,124.80
351,1045,23,20,2025-10-22,6,123.79,0.1000,742.74,74.27,668.47,452.52,215.95
351,1046,23,2,2025-10-22,10,95.98,0.0000,959.80,0.00,959.80,691.50,268.30
351,1047,23,9,2025-10-22,3,89.98,0.0500,269.94,13.50,256.44,168.24,88.20
351,1048,23,37,2025-10-22,10,91.07,0.1000,910.70,91.07,819.63,616.70,202.93
351,1049,23,37,2025-10-22,7,91.07,0.0500,637.49,31.87,605.62,431.69,173.93
352,1050,3,26,2025-10-25,2,147.88,0.1000,295.76,29.58,266.18,152.40,113.78
352,1051,3,25,2025-10-25,4,63.61,0.0500,254.44,12.72,241.72,154.40,87.32
353,1052,65,22,2025-10-22,10,12.60,0.0500,126.00,6.30,119.70,84.20,35.50
354,1053,4,6,2025-10-24,3,39.45,0.0000,118.35,0.00,118.35,90.69,27.66
354,1054,4,44,2025-10-24,9,78.05,0.0000,702.45,0.00,702.45,519.03,183.42
354,1055,4,3,2025-10-24,10,47.57,0.0500,475.70,23.79,451.92,283.90,168.02
355,1056,94,12,2025-10-23,4,181.74,0.0000,726.96,0.00,726.96,393.88,333.08
356,1057,69,19,2025-10-22,4,47.87,0.0000,191.48,0.00,191.48,146.76,44.72
356,1058,69,19,2025-10-22,9,47.87,0.0000,430.83,0.00,430.83,330.21,100.62
356,1059,69,30,2025-10-22,1,165.77,0.0500,165.77,8.29,157.48,87.86,69.62
356,1060,69,34,2025-10-22,1,100.21,0.0000,100.21,0.00,100.21,65.94,34.27
357,1061,29,27,2025-10-26,7,180.68,0.0000,1264.76,0.00,1264.76,684.18,580.58
357,1062,29,8,2025-10-26,3,97.01,0.1000,291.03,29.10,261.93,145.62,116.31
357,1063,29,27,2025-10-26,8,180.68,0.1000,1445.44,144.54,1300.90,781.92,518.98
358,1064,71,25,2025-10-23,4,63.61,0.0000,254.44,0.00,254.44,154.40,100.04
359,1065,86,20,2025-10-21,7,123.79,0.1000,866.53,86.65,779.88,527.94,251.94
359,1066,86,43,2025-10-21,8,52.49,0.0000,419.92,0.00,419.92,275.04,144.88
360,1067,40,37,2025-10-23,5,91.07,0.1000,455.35,45.54,409.82,308.35,101.47
360,1068,40,13,2025-10-23,9,112.51,0.1000,1012.59,101.26,911.33,616.05,295.28
360,1069,40,44,2025-10-23,8,78.05,0.0500,624.40,31.22,593.18,461.36,131.82
360,1070,40,13,2025-10-23,1,112.51,0.0000,112.51,0.00,112.51,68.45,44.06
360,1071,40,29,2025-10-23,2,55.53,0.0500,111.06,5.55,105.51,60.70,44.81
361,1072,29,16,2025-10-25,9,132.35,0.0500,1191.15,59.56,1131.59,632.79,498.80
361,1073,29,37,2025-10-25,8,91.07,0.0500,728.56,36.43,692.13,493.36,198.77
361,1074,29,30,2025-10-25,10,165.77,0.0000,1657.70,0.00,1657.70,878.60,779.10
361,1075,29,48,2025-10-25,2,98.28,0.0500,196.56,9.83,186.73,107.12,79.61
361,1076,29,42,2025-10-25,8,65.41,0.0500,523.28,26.16,497.12,278.56,218.56
362,1077,14,26,2025-10-24,10,147.88,0.0000,1478.80,0.00,1478.80,762.00,716.80
362,1078,14,27,2025-10-24,4,180.68,0.0000,722.72,0.00,722.72,390.96,331.76
362,1079,14,40,2025-10-24,7,100.37,0.0500,702.59,35.13,667.46,380.73,286.73
363,1080,3,43,2025-10-25,3,52.49,0.1000,157.47,15.75,141.72,103.14,38.58
363,1081,3,37,2025-10-25,2,91.07,0.0500,182.14,9.11,173.03,123.34,49.69
363,1082,3,45,2025-10-25,1,91.45,0.0000,91.45,0.00,91.45,63.47,27.98
363,1083,3,11,2025-10-25,5,37.31,0.1000,186.55,18.66,167.90,99.95,67.95
364,1087,70,24,2025-10-26,2,123.67,0.0000,247.34,0.00,247.34,180.80,66.54
364,1088,70,33,2025-10-26,6,39.51,0.0500,237.06,11.85,225.21,188.82,36.39
364,1084,70,19,2025-10-26,2,47.87,0.1000,95.74,9.57,86.17,73.38,12.79
364,1085,70,47,2025-10-26,4,105.63,0.0500,422.52,21.13,401.39,268.80,132.59
364,1086,70,27,2025-10-26,9,180.68,0.0000,1626.12,0.00,1626.12,879.66,746.46
365,1089,66,11,2025-10-23,5,37.31,0.0000,186.55,0.00,186.55,99.95,86.60
365,1090,66,33,2025-10-23,1,39.51,0.0500,39.51,1.98,37.53,31.47,6.06
365,1091,66,2,2025-10-23,2,95.98,0.1000,191.96,19.20,172.76,138.30,34.46
365,1092,66,45,2025-10-23,8,91.45,0.0500,731.60,36.58,695.02,507.76,187.26
366,1093,23,48,2025-10-23,7,98.28,0.0000,687.96,0.00,687.96,374.92,313.04
366,1094,23,26,2025-10-23,1,147.88,0.0000,147.88,0.00,147.88,76.20,71.68
366,1095,23,17,2025-10-23,2,55.59,0.1000,111.18,11.12,100.06,57.72,42.34
367,1096,34,21,2025-10-25,8,7.46,0.0500,59.68,2.98,56.70,47.36,9.34
367,1097,34,30,2025-10-25,2,165.77,0.0000,331.54,0.00,331.54,175.72,155.82
368,1098,84,43,2025-10-26,4,52.49,0.1000,209.96,21.00,188.96,137.52,51.44
368,1099,84,29,2025-10-26,3,55.53,0.0500,166.59,8.33,158.26,91.05,67.21
368,1100,84,18,2025-10-26,3,121.61,0.0000,364.83,0.00,364.83,195.78,169.05
368,1101,84,2,2025-10-26,10,95.98,0.0000,959.80,0.00,959.80,691.50,268.30
368,1102,84,12,2025-10-26,5,181.74,0.0000,908.70,0.00,908.70,492.35,416.35
369,1103,49,48,2025-10-26,7,98.28,0.0000,687.96,0.00,687.96,374.92,313.04
369,1104,49,5,2025-10-26,1,127.88,0.1000,127.88,12.79,115.09,93.80,21.29
369,1105,49,18,2025-10-26,3,121.61,0.0500,364.83,18.24,346.59,195.78,150.81
369,1106,49,23,2025-10-26,3,56.53,0.0000,169.59,0.00,169.59,137.49,32.10
369,1107,49,46,2025-10-26,1,46.34,0.1000,46.34,4.63,41.71,33.87,7.84
370,1108,45,14,2025-10-25,8,57.59,0.1000,460.72,46.07,414.65,240.96,173.69
370,1109,45,4,2025-10-25,9,74.72,0.1000,672.48,67.25,605.23,403.47,201.76
370,1110,45,43,2025-10-25,2,52.49,0.0500,104.98,5.25,99.73,68.76,30.97
370,1111,45,45,2025-10-25,5,91.45,0.0500,457.25,22.86,434.39,317.35,117.04
370,1112,45,4,2025-10-25,10,74.72,0.0000,747.20,0.00,747.20,448.30,298.90
371,1113,36,50,2025-10-22,7,27.21,0.0000,190.47,0.00,190.47,97.09,93.38
372,1114,62,24,2025-10-24,4,123.67,0.0000,494.68,0.00,494.68,361.60,133.08
372,1115,62,6,2025-10-24,1,39.45,0.0500,39.45,1.97,37.48,30.23,7.25
373,1116,21,1,2025-10-21,6,17.01,0.0000,102.06,0.00,102.06,75.66,26.40
374,1117,77,15,2025-10-22,2,51.99,0.1000,103.98,10.40,93.58,61.74,31.84
375,1118,22,47,2025-10-24,3,105.63,0.0000,316.89,0.00,316.89,201.60,115.29
375,1119,22,27,2025-10-24,9,180.68,0.0000,1626.12,0.00,1626.12,879.66,746.46
376,1120,44,21,2025-10-25,9,7.46,0.1000,67.14,6.71,60.43,53.28,7.15
376,1121,44,13,2025-10-25,10,112.51,0.0000,1125.10,0.00,1125.10,684.50,440.60
376,1122,44,35,2025-10-25,7,121.77,0.0500,852.39,42.62,809.77,659.61,150.16
377,1123,65,15,2025-10-23,4,51.99,0.0000,207.96,0.00,207.96,123.48,84.48
378,1124,69,21,2025-10-22,3,7.46,0.0000,22.38,0.00,22.38,17.76,4.62
378,1125,69,26,2025-10-22,6,147.88,0.0000,887.28,0.00,887.28,457.20,430.08
378,1126,69,25,2025-10-22,4,63.61,0.0500,254.44,12.72,241.72,154.40,87.32
379,1127,48,5,2025-10-24,5,127.88,0.1000,639.40,63.94,575.46,469.00,106.46
379,1128,48,40,2025-10-24,6,100.37,0.0000,602.22,0.00,602.22,326.34,275.88
380,1129,98,14,2025-10-22,7,57.59,0.0500,403.13,20.16,382.97,210.84,172.13
381,1130,70,32,2025-10-24,2,45.24,0.1000,90.48,9.05,81.43,52.36,29.07
381,1131,70,35,2025-10-24,10,121.77,0.0000,1217.70,0.00,1217.70,942.30,275.40
381,1132,70,17,2025-10-24,2,55.59,0.1000,111.18,11.12,100.06,57.72,42.34
381,1133,70,21,2025-10-24,7,7.46,0.1000,52.22,5.22,47.00,41.44,5.56
381,1134,70,50,2025-10-24,3,27.21,0.0500,81.63,4.08,77.55,41.61,35.94
382,1135,41,41,2025-10-24,6,90.07,0.1000,540.42,54.04,486.38,275.82,210.56
382,1136,41,31,2025-10-24,2,129.50,0.0500,259.00,12.95,246.05,165.16,80.89
383,1137,36,39,2025-10-21,10,28.49,0.0500,284.90,14.25,270.66,230.60,40.06
384,1138,40,33,2025-10-25,4,39.51,0.1000,158.04,15.80,142.24,125.88,16.36
384,1139,40,38,2025-10-25,1,100.72,0.0000,100.72,0.00,100.72,62.59,38.13
384,1140,40,2,2025-10-25,10,95.98,0.0000,959.80,0.00,959.80,691.50,268.30
384,1141,40,20,2025-10-25,4,123.79,0.1000,495.16,49.52,445.64,301.68,143.96
385,1142,44,49,2025-10-22,4,55.32,0.1000,221.28,22.13,199.15,127.84,71.31
385,1143,44,6,2025-10-22,1,39.45,0.0000,39.45,0.00,39.45,30.23,9.22
385,1144,44,24,2025-10-22,8,123.67,0.0500,989.36,49.47,939.89,723.20,216.69
385,1145,44,13,2025-10-22,3,112.51,0.0500,337.53,16.88,320.65,205.35,115.30
386,1146,9,42,2025-10-23,1,65.41,0.0000,65.41,0.00,65.41,34.82,30.59
386,1147,9,47,2025-10-23,10,105.63,0.0500,1056.30,52.82,1003.49,672.00,331.49
387,1148,77,9,2025-10-25,5,89.98,0.0500,449.90,22.50,427.41,280.40,147.01
387,1149,77,42,2025-10-25,1,65.41,0.1000,65.41,6.54,58.87,34.82,24.05
387,1150,77,27,2025-10-25,5,180.68,0.0000,903.40,0.00,903.40,488.70,414.70
388,1151,77,47,2025-10-22,6,105.63,0.0500,633.78,31.69,602.09,403.20,198.89
388,1152,77,16,2025-10-22,4,132.35,0.1000,529.40,52.94,476.46,281.24,195.22
389,1153,36,43,2025-10-21,4,52.49,0.1000,209.96,21.00,188.96,137.52,51.44
390,1154,72,39,2025-10-24,7,28.49,0.1000,199.43,19.94,179.49,161.42,18.07
390,1155,72,21,2025-10-24,3,7.46,0.0500,22.38,1.12,21.26,17.76,3.50
391,1156,53,5,2025-10-26,8,127.88,0.0000,1023.04,0.00,1023.04,750.40,272.64
392,1157,74,4,2025-10-23,3,74.72,0.0000,224.16,0.00,224.16,134.49,89.67
392,1158,74,9,2025-10-23,2,89.98,0.0000,179.96,0.00,179.96,112.16,67.80
393,1159,4,36,2025-10-23,4,119.52,0.0000,478.08,0.00,478.08,240.64,237.44
393,1160,4,33,2025-10-23,2,39.51,0.0500,79.02,3.95,75.07,62.94,12.13
393,1161,4,47,2025-10-23,8,105.63,0.0500,845.04,42.25,802.79,537.60,265.19
393,1162,4,11,2025-10-23,4,37.31,0.0000,149.24,0.00,149.24,79.96,69.28
393,1163,4,28,2025-10-23,3,42.75,0.1000,128.25,12.83,115.43,66.12,49.31
394,1164,67,20,2025-10-25,5,123.79,0.1000,618.95,61.90,557.06,377.10,179.96
394,1165,67,29,2025-10-25,4,55.53,0.0500,222.12,11.11,211.01,121.40,89.61
395,1166,61,6,2025-10-25,6,39.45,0.0500,236.70,11.84,224.87,181.38,43.49
395,1167,61,25,2025-10-25,3,63.61,0.0500,190.83,9.54,181.29,115.80,65.49
395,1168,61,29,2025-10-25,7,55.53,0.1000,388.71,38.87,349.84,212.45,137.39
395,1169,61,40,2025-10-25,7,100.37,0.0000,702.59,0.00,702.59,380.73,321.86
396,1170,31,2,2025-10-23,7,95.98,0.0500,671.86,33.59,638.27,484.05,154.22
396,1171,31,6,2025-10-23,5,39.45,0.1000,197.25,19.73,177.53,151.15,26.38
396,1172,31,35,2025-10-23,3,121.77,0.1000,365.31,36.53,328.78,282.69,46.09
396,1173,31,47,2025-10-23,3,105.63,0.0500,316.89,15.84,301.05,201.60,99.45
397,1174,85,30,2025-10-25,5,165.77,0.0500,828.85,41.44,787.41,439.30,348.11
397,1175,85,19,2025-10-25,7,47.87,0.1000,335.09,33.51,301.58,256.83,44.75
397,1176,85,39,2025-10-25,8,28.49,0.0000,227.92,0.00,227.92,184.48,43.44
397,1177,85,22,2025-10-25,3,12.60,0.1000,37.80,3.78,34.02,25.26,8.76
398,1178,74,13,2025-10-21,3,112.51,0.0000,337.53,0.00,337.53,205.35,132.18
398,1179,74,1,2025-10-21,1,17.01,0.1000,17.01,1.70,15.31,12.61,2.70
398,1180,74,47,2025-10-21,6,105.63,0.0500,633.78,31.69,602.09,403.20,198.89
398,1181,74,26,2025-10-21,7,147.88,0.0500,1035.16,51.76,983.40,533.40,450.00
399,1182,55,25,2025-10-23,8,63.61,0.0500,508.88,25.44,483.44,308.80,174.64
399,1183,55,42,2025-10-23,10,65.41,0.0000,654.10,0.00,654.10,348.20,305.90
399,1184,55,27,2025-10-23,1,180.68,0.0000,180.68,0.00,180.68,97.74,82.94
400,1186,59,49,2025-10-25,7,55.32,0.0500,387.24,19.36,367.88,223.72,144.16
400,1187,59,50,2025-10-25,6,27.21,0.1000,163.26,16.33,146.93,83.22,63.71
400,1188,59,46,2025-10-25,8,46.34,0.1000,370.72,37.07,333.65,270.96,62.69
400,1185,59,37,2025-10-25,3,91.07,0.0000,273.21,0.00,273.21,185.01,88.20
401,1189,34,45,2025-10-24,1,91.45,0.1000,91.45,9.15,82.31,63.47,18.84
401,1190,34,25,2025-10-24,7,63.61,0.1000,445.27,44.53,400.74,270.20,130.54
401,1191,34,16,2025-10-24,4,132.35,0.0500,529.40,26.47,502.93,281.24,221.69
402,1192,27,24,2025-10-23,1,123.67,0.1000,123.67,12.37,111.30,90.40,20.90
403,1193,88,17,2025-10-23,10,55.59,0.0500,555.90,27.80,528.11,288.60,239.51
403,1194,88,44,2025-10-23,3,78.05,0.0500,234.15,11.71,222.44,173.01,49.43
404,1195,2,39,2025-10-25,10,28.49,0.1000,284.90,28.49,256.41,230.60,25.81
404,1196,2,11,2025-10-25,1,37.31,0.0000,37.31,0.00,37.31,19.99,17.32
405,1197,73,42,2025-10-25,7,65.41,0.0500,457.87,22.89,434.98,243.74,191.24
406,1198,34,6,2025-10-26,9,39.45,0.0000,355.05,0.00,355.05,272.07,82.98
406,1199,34,28,2025-10-26,3,42.75,0.0500,128.25,6.41,121.84,66.12,55.72
406,1200,34,17,2025-10-26,5,55.59,0.1000,277.95,27.80,250.16,144.30,105.86
406,1201,34,35,2025-10-26,7,121.77,0.1000,852.39,85.24,767.15,659.61,107.54
406,1202,34,20,2025-10-26,7,123.79,0.1000,866.53,86.65,779.88,527.94,251.94
407,1203,78,7,2025-10-24,10,63.12,0.0500,631.20,31.56,599.64,350.40,249.24
408,1204,63,18,2025-10-24,4,121.61,0.1000,486.44,48.64,437.80,261.04,176.76
408,1205,63,26,2025-10-24,5,147.88,0.0000,739.40,0.00,739.40,381.00,358.40
409,1206,79,32,2025-10-21,1,45.24,0.0000,45.24,0.00,45.24,26.18,19.06
409,1207,79,5,2025-10-21,7,127.88,0.1000,895.16,89.52,805.64,656.60,149.04
410,1208,78,42,2025-10-25,5,65.41,0.1000,327.05,32.71,294.35,174.10,120.25
410,1209,78,28,2025-10-25,3,42.75,0.0000,128.25,0.00,128.25,66.12,62.13
410,1210,78,24,2025-10-25,3,123.67,0.1000,371.01,37.10,333.91,271.20,62.71
410,1211,78,9,2025-10-25,4,89.98,0.0500,359.92,18.00,341.92,224.32,117.60
411,1212,31,33,2025-10-21,2,39.51,0.0500,79.02,3.95,75.07,62.94,12.13
411,1213,31,37,2025-10-21,4,91.07,0.0000,364.28,0.00,364.28,246.68,117.60
412,1214,4,4,2025-10-22,3,74.72,0.0000,224.16,0.00,224.16,134.49,89.67
412,1215,4,17,2025-10-22,7,55.59,0.0500,389.13,19.46,369.67,202.02,167.65
413,1216,37,7,2025-10-25,3,63.12,0.0000,189.36,0.00,189.36,105.12,84.24
413,1217,37,19,2025-10-25,2,47.87,0.0500,95.74,4.79,90.95,73.38,17.57
413,1218,37,8,2025-10-25,5,97.01,0.0000,485.05,0.00,485.05,242.70,242.35
413,1219,37,22,2025-10-25,1,12.60,0.1000,12.60,1.26,11.34,8.42,2.92
413,1220,37,16,2025-10-25,8,132.35,0.0500,1058.80,52.94,1005.86,562.48,443.38
414,1221,60,1,2025-10-25,1,17.01,0.0500,17.01,0.85,16.16,12.61,3.55
415,1222,81,43,2025-10-23,10,52.49,0.0000,524.90,0.00,524.90,343.80,181.10
416,1223,57,14,2025-10-22,9,57.59,0.0000,518.31,0.00,518.31,271.08,247.23
417,1224,61,39,2025-10-25,9,28.49,0.0500,256.41,12.82,243.59,207.54,36.05
417,1225,61,32,2025-10-25,8,45.24,0.0500,361.92,18.10,343.82,209.44,134.38
417,1226,61,39,2025-10-25,7,28.49,0.0500,199.43,9.97,189.46,161.42,28.04
417,1227,61,24,2025-10-25,6,123.67,0.0500,742.02,37.10,704.92,542.40,162.52
418,1228,1,24,2025-10-22,7,123.67,0.0500,865.69,43.28,822.41,632.80,189.61
418,1229,1,40,2025-10-22,1,100.37,0.0500,100.37,5.02,95.35,54.39,40.96
419,1230,29,7,2025-10-24,1,63.12,0.0500,63.12,3.16,59.96,35.04,24.92
419,1231,29,45,2025-10-24,7,91.45,0.1000,640.15,64.02,576.14,444.29,131.85
419,1232,29,9,2025-10-24,1,89.98,0.1000,89.98,9.00,80.98,56.08,24.90
420,1233,9,34,2025-10-22,5,100.21,0.1000,501.05,50.11,450.95,329.70,121.25
421,1234,20,24,2025-10-26,8,123.67,0.1000,989.36,98.94,890.42,723.20,167.22
421,1235,20,44,2025-10-26,8,78.05,0.1000,624.40,62.44,561.96,461.36,100.60
422,1236,20,43,2025-10-25,4,52.49,0.0000,209.96,0.00,209.96,137.52,72.44
422,1237,20,41,2025-10-25,6,90.07,0.0000,540.42,0.00,540.42,275.82,264.60
422,1238,20,41,2025-10-25,6,90.07,0.0000,540.42,0.00,540.42,275.82,264.60
422,1239,20,48,2025-10-25,6,98.28,0.1000,589.68,58.97,530.71,321.36,209.35
423,1240,5,15,2025-10-25,10,51.99,0.0500,519.90,26.00,493.91,308.70,185.21
423,1241,5,26,2025-10-25,10,147.88,0.0000,1478.80,0.00,1478.80,762.00,716.80
423,1242,5,23,2025-10-25,7,56.53,0.0500,395.71,19.79,375.92,320.81,55.11
423,1243,5,43,2025-10-25,2,52.49,0.1000,104.98,10.50,94.48,68.76,25.72
424,1244,33,19,2025-10-22,10,47.87,0.0000,478.70,0.00,478.70,366.90,111.80
424,1245,33,46,2025-10-22,3,46.34,0.1000,139.02,13.90,125.12,101.61,23.51
424,1246,33,37,2025-10-22,9,91.07,0.0000,819.63,0.00,819.63,555.03,264.60
424,1247,33,9,2025-10-22,8,89.98,0.0000,719.84,0.00,719.84,448.64,271.20
425,1248,95,44,2025-10-24,9,78.05,0.0500,702.45,35.12,667.33,519.03,148.30
425,1249,95,11,2025-10-24,8,37.31,0.0000,298.48,0.00,298.48,159.92,138.56
425,1250,95,31,2025-10-24,9,129.50,0.0000,1165.50,0.00,1165.50,743.22,422.28
426,1251,33,14,2025-10-22,3,57.59,0.1000,172.77,17.28,155.49,90.36,65.13
426,1252,33,45,2025-10-22,2,91.45,0.0000,182.90,0.00,182.90,126.94,55.96
427,1253,42,46,2025-10-25,1,46.34,0.0000,46.34,0.00,46.34,33.87,12.47
427,1254,42,21,2025-10-25,7,7.46,0.0500,52.22,2.61,49.61,41.44,8.17
427,1255,42,15,2025-10-25,5,51.99,0.1000,259.95,26.00,233.96,154.35,79.61
427,1256,42,31,2025-10-25,2,129.50,0.1000,259.00,25.90,233.10,165.16,67.94
428,1257,89,35,2025-10-23,8,121.77,0.0000,974.16,0.00,974.16,753.84,220.32
428,1258,89,45,2025-10-23,6,91.45,0.0000,548.70,0.00,548.70,380.82,167.88
429,1259,44,50,2025-10-21,10,27.21,0.0000,272.10,0.00,272.10,138.70,133.40
429,1260,44,42,2025-10-21,6,65.41,0.0500,392.46,19.62,372.84,208.92,163.92
429,1261,44,46,2025-10-21,7,46.34,0.1000,324.38,32.44,291.94,237.09,54.85
429,1262,44,42,2025-10-21,9,65.41,0.0500,588.69,29.43,559.26,313.38,245.88
429,1263,44,15,2025-10-21,4,51.99,0.0500,207.96,10.40,197.56,123.48,74.08
430,1264,83,19,2025-10-21,2,47.87,0.0000,95.74,0.00,95.74,73.38,22.36
431,1265,57,22,2025-10-23,10,12.60,0.0000,126.00,0.00,126.00,84.20,41.80
432,1266,77,37,2025-10-26,6,91.07,0.0000,546.42,0.00,546.42,370.02,176.40
433,1267,100,25,2025-10-21,10,63.61,0.1000,636.10,63.61,572.49,386.00,186.49
433,1268,100,1,2025-10-21,5,17.01,0.0000,85.05,0.00,85.05,63.05,22.00
433,1269,100,38,2025-10-21,9,100.72,0.0000,906.48,0.00,906.48,563.31,343.17
434,1270,88,28,2025-10-23,6,42.75,0.0500,256.50,12.83,243.68,132.24,111.44
434,1271,88,44,2025-10-23,3,78.05,0.1000,234.15,23.42,210.74,173.01,37.73
434,1272,88,43,2025-10-23,10,52.49,0.1000,524.90,52.49,472.41,343.80,128.61
434,1273,88,15,2025-10-23,2,51.99,0.0500,103.98,5.20,98.78,61.74,37.04
435,1274,9,35,2025-10-23,8,121.77,0.0500,974.16,48.71,925.45,753.84,171.61
436,1275,83,19,2025-10-23,4,47.87,0.0500,191.48,9.57,181.91,146.76,35.15
436,1276,83,44,2025-10-23,8,78.05,0.0000,624.40,0.00,624.40,461.36,163.04
437,1277,27,19,2025-10-24,3,47.87,0.1000,143.61,14.36,129.25,110.07,19.18
437,1278,27,43,2025-10-24,1,52.49,0.1000,52.49,5.25,47.24,34.38,12.86
437,1279,27,21,2025-10-24,5,7.46,0.1000,37.30,3.73,33.57,29.60,3.97
437,1280,27,45,2025-10-24,2,91.45,0.0500,182.90,9.15,173.76,126.94,46.82
437,1281,27,46,2025-10-24,10,46.34,0.0500,463.40,23.17,440.23,338.70,101.53
438,1282,35,32,2025-10-22,5,45.24,0.1000,226.20,22.62,203.58,130.90,72.68
438,1283,35,25,2025-10-22,1,63.61,0.0500,63.61,3.18,60.43,38.60,21.83
439,1284,25,46,2025-10-22,4,46.34,0.1000,185.36,18.54,166.82,135.48,31.34
439,1285,25,15,2025-10-22,1,51.99,0.0000,51.99,0.00,51.99,30.87,21.12
440,1286,90,47,2025-10-24,7,105.63,0.0500,739.41,36.97,702.44,470.40,232.04
440,1287,90,43,2025-10-24,3,52.49,0.0000,157.47,0.00,157.47,103.14,54.33
440,1288,90,36,2025-10-24,7,119.52,0.0500,836.64,41.83,794.81,421.12,373.69
440,1289,90,28,2025-10-24,8,42.75,0.0500,342.00,17.10,324.90,176.32,148.58
441,1290,57,26,2025-10-23,2,147.88,0.1000,295.76,29.58,266.18,152.40,113.78
441,1291,57,47,2025-10-23,5,105.63,0.0500,528.15,26.41,501.74,336.00,165.74
441,1292,57,45,2025-10-23,4,91.45,0.1000,365.80,36.58,329.22,253.88,75.34
441,1293,57,36,2025-10-23,7,119.52,0.0000,836.64,0.00,836.64,421.12,415.52
442,1294,70,21,2025-10-24,10,7.46,0.0000,74.60,0.00,74.60,59.20,15.40
442,1295,70,46,2025-10-24,5,46.34,0.0500,231.70,11.59,220.12,169.35,50.77
443,1296,77,37,2025-10-25,3,91.07,0.0500,273.21,13.66,259.55,185.01,74.54
443,1297,77,45,2025-10-25,8,91.45,0.0500,731.60,36.58,695.02,507.76,187.26
444,1298,89,14,2025-10-26,4,57.59,0.1000,230.36,23.04,207.32,120.48,86.84
444,1299,89,13,2025-10-26,1,112.51,0.0500,112.51,5.63,106.88,68.45,38.43
445,1300,34,7,2025-10-22,3,63.12,0.0500,189.36,9.47,179.89,105.12,74.77
445,1301,34,28,2025-10-22,3,42.75,0.0000,128.25,0.00,128.25,66.12,62.13
445,1302,34,7,2025-10-22,6,63.12,0.0500,378.72,18.94,359.78,210.24,149.54
445,1303,34,12,2025-10-22,1,181.74,0.0000,181.74,0.00,181.74,98.47,83.27
445,1304,34,33,2025-10-22,6,39.51,0.1000,237.06,23.71,213.35,188.82,24.53
446,1305,28,10,2025-10-22,7,168.80,0.0000,1181.60,0.00,1181.60,620.76,560.84
446,1306,28,3,2025-10-22,2,47.57,0.0000,95.14,0.00,95.14,56.78,38.36
446,1307,28,26,2025-10-22,8,147.88,0.0500,1183.04,59.15,1123.89,609.60,514.29
446,1308,28,45,2025-10-22,10,91.45,0.0000,914.50,0.00,914.50,634.70,279.80
447,1309,5,50,2025-10-22,2,27.21,0.0500,54.42,2.72,51.70,27.74,23.96
447,1310,5,42,2025-10-22,7,65.41,0.0500,457.87,22.89,434.98,243.74,191.24
447,1311,5,41,2025-10-22,8,90.07,0.0500,720.56,36.03,684.53,367.76,316.77
447,1312,5,1,2025-10-22,2,17.01,0.0000,34.02,0.00,34.02,25.22,8.80
448,1313,78,8,2025-10-21,8,97.01,0.1000,776.08,77.61,698.47,388.32,310.15
449,1314,42,15,2025-10-25,1,51.99,0.1000,51.99,5.20,46.79,30.87,15.92
449,1315,42,37,2025-10-25,10,91.07,0.0500,910.70,45.54,865.17,616.70,248.47
449,1316,42,18,2025-10-25,2,121.61,0.1000,243.22,24.32,218.90,130.52,88.38
449,1317,42,12,2025-10-25,7,181.74,0.0500,1272.18,63.61,1208.57,689.29,519.28
449,1318,42,42,2025-10-25,7,65.41,0.0500,457.87,22.89,434.98,243.74,191.24
450,1319,56,9,2025-10-23,2,89.98,0.0500,179.96,9.00,170.96,112.16,58.80
450,1320,56,5,2025-10-23,9,127.88,0.0000,1150.92,0.00,1150.92,844.20,306.72
450,1321,56,26,2025-10-23,1,147.88,0.0500,147.88,7.39,140.49,76.20,64.29
450,1322,56,36,2025-10-23,9,119.52,0.1000,1075.68,107.57,968.11,541.44,426.67
450,1323,56,32,2025-10-23,2,45.24,0.1000,90.48,9.05,81.43,52.36,29.07
451,1324,34,35,2025-10-25,2,121.77,0.0000,243.54,0.00,243.54,188.46,55.08
451,1325,34,43,2025-10-25,2,52.49,0.0000,104.98,0.00,104.98,68.76,36.22
451,1326,34,39,2025-10-25,3,28.49,0.0000,85.47,0.00,85.47,69.18,16.29
451,1327,34,36,2025-10-25,8,119.52,0.0500,956.16,47.81,908.35,481.28,427.07
451,1328,34,8,2025-10-25,1,97.01,0.0000,97.01,0.00,97.01,48.54,48.47
452,1331,74,6,2025-10-25,2,39.45,0.1000,78.90,7.89,71.01,60.46,10.55
452,1332,74,20,2025-10-25,6,123.79,0.1000,742.74,74.27,668.47,452.52,215.95
452,1333,74,11,2025-10-25,7,37.31,0.1000,261.17,26.12,235.05,139.93,95.12
452,1329,74,14,2025-10-25,3,57.59,0.0000,172.77,0.00,172.77,90.36,82.41
452,1330,74,36,2025-10-25,5,119.52,0.0000,597.60,0.00,597.60,300.80,296.80
453,1334,74,16,2025-10-22,5,132.35,0.0000,661.75,0.00,661.75,351.55,310.20
454,1335,99,19,2025-10-24,9,47.87,0.0500,430.83,21.54,409.29,330.21,79.08
454,1336,99,9,2025-10-24,10,89.98,0.0500,899.80,44.99,854.81,560.80,294.01
454,1337,99,45,2025-10-24,6,91.45,0.1000,548.70,54.87,493.83,380.82,113.01
454,1338,99,23,2025-10-24,10,56.53,0.1000,565.30,56.53,508.77,458.30,50.47
454,1339,99,33,2025-10-24,4,39.51,0.1000,158.04,15.80,142.24,125.88,16.36
455,1340,20,43,2025-10-25,1,52.49,0.0000,52.49,0.00,52.49,34.38,18.11
456,1341,3,13,2025-10-22,3,112.51,0.0500,337.53,16.88,320.65,205.35,115.30
457,1342,86,9,2025-10-22,10,89.98,0.1000,899.80,89.98,809.82,560.80,249.02
457,1343,86,14,2025-10-22,10,57.59,0.0500,575.90,28.80,547.11,301.20,245.91
458,1344,90,9,2025-10-24,10,89.98,0.0500,899.80,44.99,854.81,560.80,294.01
458,1345,90,5,2025-10-24,9,127.88,0.0500,1150.92,57.55,1093.37,844.20,249.17
458,1346,90,17,2025-10-24,7,55.59,0.1000,389.13,38.91,350.22,202.02,148.20
459,1347,84,26,2025-10-25,8,147.88,0.0000,1183.04,0.00,1183.04,609.60,573.44
459,1348,84,17,2025-10-25,7,55.59,0.1000,389.13,38.91,350.22,202.02,148.20
460,1349,65,35,2025-10-23,4,121.77,0.0000,487.08,0.00,487.08,376.92,110.16
460,1350,65,41,2025-10-23,5,90.07,0.1000,450.35,45.04,405.32,229.85,175.47
461,1351,88,46,2025-10-24,6,46.34,0.1000,278.04,27.80,250.24,203.22,47.02
461,1352,88,43,2025-10-24,9,52.49,0.1000,472.41,47.24,425.17,309.42,115.75
462,1354,36,28,2025-10-23,7,42.75,0.0000,299.25,0.00,299.25,154.28,144.97
462,1353,36,27,2025-10-23,3,180.68,0.0500,542.04,27.10,514.94,293.22,221.72
463,1355,88,16,2025-10-25,2,132.35,0.0500,264.70,13.24,251.47,140.62,110.85
463,1356,88,8,2025-10-25,9,97.01,0.0000,873.09,0.00,873.09,436.86,436.23
463,1357,88,44,2025-10-25,9,78.05,0.0500,702.45,35.12,667.33,519.03,148.30
463,1358,88,5,2025-10-25,6,127.88,0.1000,767.28,76.73,690.55,562.80,127.75
463,1359,88,6,2025-10-25,6,39.45,0.0500,236.70,11.84,224.87,181.38,43.49
464,1360,27,10,2025-10-21,4,168.80,0.0500,675.20,33.76,641.44,354.72,286.72
464,1361,27,1,2025-10-21,2,17.01,0.0500,34.02,1.70,32.32,25.22,7.10
464,1362,27,15,2025-10-21,7,51.99,0.0000,363.93,0.00,363.93,216.09,147.84
465,1363,99,12,2025-10-26,9,181.74,0.1000,1635.66,163.57,1472.09,886.23,585.86
466,1364,19,38,2025-10-24,8,100.72,0.0000,805.76,0.00,805.76,500.72,305.04
466,1365,19,34,2025-10-24,6,100.21,0.1000,601.26,60.13,541.13,395.64,145.49
466,1366,19,37,2025-10-24,5,91.07,0.1000,455.35,45.54,409.82,308.35,101.47
467,1367,24,39,2025-10-23,2,28.49,0.0000,56.98,0.00,56.98,46.12,10.86
467,1368,24,11,2025-10-23,6,37.31,0.0500,223.86,11.19,212.67,119.94,92.73
467,1369,24,12,2025-10-23,6,181.74,0.1000,1090.44,109.04,981.40,590.82,390.58
468,1370,89,36,2025-10-25,10,119.52,0.0500,1195.20,59.76,1135.44,601.60,533.84
468,1371,89,31,2025-10-25,10,129.50,0.0000,1295.00,0.00,1295.00,825.80,469.20
468,1372,89,17,2025-10-25,1,55.59,0.1000,55.59,5.56,50.03,28.86,21.17
468,1373,89,33,2025-10-25,3,39.51,0.1000,118.53,11.85,106.68,94.41,12.27
468,1374,89,9,2025-10-25,3,89.98,0.0500,269.94,13.50,256.44,168.24,88.20
469,1375,25,48,2025-10-24,5,98.28,0.0000,491.40,0.00,491.40,267.80,223.60
469,1376,25,47,2025-10-24,6,105.63,0.1000,633.78,63.38,570.40,403.20,167.20
469,1377,25,50,2025-10-24,4,27.21,0.1000,108.84,10.88,97.96,55.48,42.48
469,1378,25,39,2025-10-24,7,28.49,0.1000,199.43,19.94,179.49,161.42,18.07
469,1379,25,30,2025-10-24,3,165.77,0.0500,497.31,24.87,472.44,263.58,208.86
470,1380,57,30,2025-10-22,9,165.77,0.0500,1491.93,74.60,1417.33,790.74,626.59
470,1381,57,18,2025-10-22,7,121.61,0.1000,851.27,85.13,766.14,456.82,309.32
470,1382,57,46,2025-10-22,4,46.34,0.0500,185.36,9.27,176.09,135.48,40.61
471,1383,51,20,2025-10-21,7,123.79,0.0500,866.53,43.33,823.20,527.94,295.26
472,1384,6,41,2025-10-24,2,90.07,0.0000,180.14,0.00,180.14,91.94,88.20
473,1385,39,6,2025-10-23,3,39.45,0.1000,118.35,11.84,106.52,90.69,15.83
473,1386,39,4,2025-10-23,2,74.72,0.1000,149.44,14.94,134.50,89.66,44.84
474,1387,58,36,2025-10-25,8,119.52,0.0000,956.16,0.00,956.16,481.28,474.88
474,1388,58,28,2025-10-25,9,42.75,0.1000,384.75,38.48,346.28,198.36,147.92
474,1389,58,9,2025-10-25,8,89.98,0.0500,719.84,35.99,683.85,448.64,235.21
475,1392,59,40,2025-10-23,4,100.37,0.1000,401.48,40.15,361.33,217.56,143.77
475,1393,59,1,2025-10-23,7,17.01,0.1000,119.07,11.91,107.16,88.27,18.89
475,1394,59,35,2025-10-23,6,121.77,0.0000,730.62,0.00,730.62,565.38,165.24
475,1390,59,44,2025-10-23,9,78.05,0.1000,702.45,70.25,632.21,519.03,113.18
475,1391,59,8,2025-10-23,7,97.01,0.0000,679.07,0.00,679.07,339.78,339.29
476,1395,58,44,2025-10-25,10,78.05,0.0000,780.50,0.00,780.50,576.70,203.80
476,1396,58,39,2025-10-25,8,28.49,0.0000,227.92,0.00,227.92,184.48,43.44
476,1397,58,44,2025-10-25,9,78.05,0.0000,702.45,0.00,702.45,519.03,183.42
476,1398,58,12,2025-10-25,2,181.74,0.0500,363.48,18.17,345.31,196.94,148.37
476,1399,58,9,2025-10-25,9,89.98,0.0500,809.82,40.49,769.33,504.72,264.61
477,1400,43,28,2025-10-24,8,42.75,0.0500,342.00,17.10,324.90,176.32,148.58
478,1401,99,24,2025-10-25,2,123.67,0.0500,247.34,12.37,234.97,180.80,54.17
478,1402,99,44,2025-10-25,4,78.05,0.1000,312.20,31.22,280.98,230.68,50.30
479,1403,64,19,2025-10-22,5,47.87,0.0500,239.35,11.97,227.38,183.45,43.93
480,1404,11,17,2025-10-24,4,55.59,0.0000,222.36,0.00,222.36,115.44,106.92
480,1405,11,48,2025-10-24,10,98.28,0.0500,982.80,49.14,933.66,535.60,398.06
480,1406,11,14,2025-10-24,5,57.59,0.1000,287.95,28.80,259.16,150.60,108.56
481,1407,8,3,2025-10-23,8,47.57,0.1000,380.56,38.06,342.50,227.12,115.38
481,1408,8,32,2025-10-23,1,45.24,0.0500,45.24,2.26,42.98,26.18,16.80
481,1409,8,1,2025-10-23,10,17.01,0.0500,170.10,8.51,161.60,126.10,35.50
481,1410,8,22,2025-10-23,5,12.60,0.0500,63.00,3.15,59.85,42.10,17.75
481,1411,8,7,2025-10-23,1,63.12,0.0500,63.12,3.16,59.96,35.04,24.92
482,1412,21,26,2025-10-22,6,147.88,0.0000,887.28,0.00,887.28,457.20,430.08
482,1413,21,7,2025-10-22,7,63.12,0.0500,441.84,22.09,419.75,245.28,174.47
483,1414,39,6,2025-10-23,9,39.45,0.1000,355.05,35.51,319.55,272.07,47.48
483,1415,39,10,2025-10-23,7,168.80,0.0000,1181.60,0.00,1181.60,620.76,560.84
484,1416,36,1,2025-10-24,3,17.01,0.1000,51.03,5.10,45.93,37.83,8.10
484,1417,36,17,2025-10-24,4,55.59,0.0500,222.36,11.12,211.24,115.44,95.80
484,1418,36,26,2025-10-24,6,147.88,0.0500,887.28,44.36,842.92,457.20,385.72
484,1419,36,24,2025-10-24,7,123.67,0.0000,865.69,0.00,865.69,632.80,232.89
485,1420,81,18,2025-10-22,2,121.61,0.0500,243.22,12.16,231.06,130.52,100.54
485,1421,81,43,2025-10-22,8,52.49,0.0000,419.92,0.00,419.92,275.04,144.88
485,1422,81,9,2025-10-22,6,89.98,0.1000,539.88,53.99,485.89,336.48,149.41
485,1423,81,28,2025-10-22,1,42.75,0.0500,42.75,2.14,40.61,22.04,18.57
485,1424,81,46,2025-10-22,4,46.34,0.0000,185.36,0.00,185.36,135.48,49.88
486,1425,80,19,2025-10-22,1,47.87,0.0000,47.87,0.00,47.87,36.69,11.18
486,1426,80,26,2025-10-22,7,147.88,0.1000,1035.16,103.52,931.64,533.40,398.24
487,1427,25,3,2025-10-23,3,47.57,0.1000,142.71,14.27,128.44,85.17,43.27
487,1428,25,13,2025-10-23,8,112.51,0.1000,900.08,90.01,810.07,547.60,262.47
487,1429,25,18,2025-10-23,2,121.61,0.0500,243.22,12.16,231.06,130.52,100.54
488,1433,72,47,2025-10-24,7,105.63,0.0000,739.41,0.00,739.41,470.40,269.01
488,1430,72,36,2025-10-24,8,119.52,0.1000,956.16,95.62,860.54,481.28,379.26
488,1431,72,46,2025-10-24,3,46.34,0.0500,139.02,6.95,132.07,101.61,30.46
488,1432,72,49,2025-10-24,7,55.32,0.1000,387.24,38.72,348.52,223.72,124.80
489,1434,42,7,2025-10-23,1,63.12,0.0000,63.12,0.00,63.12,35.04,28.08
490,1435,62,23,2025-10-24,9,56.53,0.0000,508.77,0.00,508.77,412.47,96.30
490,1436,62,50,2025-10-24,4,27.21,0.0000,108.84,0.00,108.84,55.48,53.36
491,1437,53,28,2025-10-23,10,42.75,0.1000,427.50,42.75,384.75,220.40,164.35
491,1438,53,1,2025-10-23,7,17.01,0.0500,119.07,5.95,113.12,88.27,24.85
491,1439,53,19,2025-10-23,5,47.87,0.0500,239.35,11.97,227.38,183.45,43.93
492,1440,20,49,2025-10-25,7,55.32,0.0000,387.24,0.00,387.24,223.72,163.52
493,1441,97,10,2025-10-23,9,168.80,0.0000,1519.20,0.00,1519.20,798.12,721.08
493,1442,97,16,2025-10-23,5,132.35,0.0000,661.75,0.00,661.75,351.55,310.20
493,1443,97,17,2025-10-23,4,55.59,0.1000,222.36,22.24,200.12,115.44,84.68
493,1444,97,28,2025-10-23,4,42.75,0.0500,171.00,8.55,162.45,88.16,74.29
493,1445,97,46,2025-10-23,2,46.34,0.1000,92.68,9.27,83.41,67.74,15.67
494,1446,39,40,2025-10-21,3,100.37,0.0000,301.11,0.00,301.11,163.17,137.94
494,1447,39,38,2025-10-21,3,100.72,0.0000,302.16,0.00,302.16,187.77,114.39
494,1448,39,8,2025-10-21,3,97.01,0.0500,291.03,14.55,276.48,145.62,130.86
494,1449,39,3,2025-10-21,5,47.57,0.0000,237.85,0.00,237.85,141.95,95.90
494,1450,39,10,2025-10-21,7,168.80,0.0000,1181.60,0.00,1181.60,620.76,560.84
495,1451,4,13,2025-10-25,2,112.51,0.0000,225.02,0.00,225.02,136.90,88.12
495,1452,4,25,2025-10-25,7,63.61,0.1000,445.27,44.53,400.74,270.20,130.54
495,1453,4,20,2025-10-25,4,123.79,0.0000,495.16,0.00,495.16,301.68,193.48
495,1454,4,22,2025-10-25,7,12.60,0.0500,88.20,4.41,83.79,58.94,24.85
495,1455,4,4,2025-10-25,9,74.72,0.0500,672.48,33.62,638.86,403.47,235.39
496,1456,13,20,2025-10-23,2,123.79,0.0500,247.58,12.38,235.20,150.84,84.36
497,1457,6,18,2025-10-23,6,121.61,0.1000,729.66,72.97,656.69,391.56,265.13
497,1458,6,27,2025-10-23,4,180.68,0.0500,722.72,36.14,686.58,390.96,295.62
497,1459,6,4,2025-10-23,3,74.72,0.0000,224.16,0.00,224.16,134.49,89.67
498,1460,40,4,2025-10-21,6,74.72,0.0000,448.32,0.00,448.32,268.98,179.34
499,1461,21,31,2025-10-24,5,129.50,0.1000,647.50,64.75,582.75,412.90,169.85
499,1462,21,7,2025-10-24,7,63.12,0.0000,441.84,0.00,441.84,245.28,196.56
499,1463,21,17,2025-10-24,8,55.59,0.0500,444.72,22.24,422.48,230.88,191.60
500,1464,19,20,2025-10-25,2,123.79,0.0000,247.58,0.00,247.58,150.84,96.74
500,1465,19,43,2025-10-25,1,52.49,0.1000,52.49,5.25,47.24,34.38,12.86
500,1466,19,36,2025-10-25,3,119.52,0.0500,358.56,17.93,340.63,180.48,160.15
